BEGIN TRANSACTION;
CREATE TABLE IF NOT EXISTS "basic_foods" (
	"food_id"	INTEGER,
	"category"	TEXT NOT NULL,
	"name"	TEXT NOT NULL,
	"calories"	REAL,
	"protein"	REAL,
	"fat"	REAL,
	"carbs"	REAL,
	PRIMARY KEY("food_id")
);
CREATE TABLE IF NOT EXISTS "meal_ingredients" (
	"meal_id"	INTEGER,
	"food_id"	INTEGER,
	PRIMARY KEY("meal_id","food_id"),
	FOREIGN KEY("food_id") REFERENCES "basic_foods"("food_id"),
	FOREIGN KEY("meal_id") REFERENCES "meals"("meal_id")
);
CREATE TABLE IF NOT EXISTS "meals" (
	"meal_id"	INTEGER,
	"meal_type_id"	INTEGER,
	"title"	TEXT,
	"complexity"	TEXT,
	PRIMARY KEY("meal_id")
);
INSERT INTO "basic_foods" ("food_id","category","name","calories","protein","fat","carbs") VALUES (0,'Proteins','Chicken Breast (Raw)',120.0,23.0,2.5,0.0),
 (1,'Proteins','Turkey Breast (Raw)',115.0,24.0,2.0,0.0),
 (2,'Proteins','Pork Tenderloin (Raw/Lean)',120.0,21.0,4.0,0.0),
 (3,'Proteins','Beef Flank (Raw/Lean)',155.0,22.0,7.0,0.0),
 (4,'Proteins','White Fish (Cod/Trout/Perch)',80.0,17.0,1.0,0.0),
 (5,'Proteins','Lean Ground Beef (5% fat)',137.0,21.0,5.0,0.0),
 (6,'Proteins','Canned Tuna (In Water)',116.0,26.0,1.0,0.0),
 (7,'Proteins','Tofu (Firm)',83.0,10.0,5.0,1.0),
 (8,'Proteins','Salmon (Raw)',208.0,20.0,13.0,0.0),
 (9,'Proteins','Whole Egg (Raw/1 Med ~50g)',156.0,13.0,10.0,1.1),
 (10,'Proteins','Chicken Breast Deli Slices',110.0,20.0,1.5,3.0),
 (11,'Proteins','Salami (Italian Style)',336.0,22.0,26.0,1.2),
 (12,'Proteins','Prosciutto (Dry-Cured)',230.0,26.0,14.0,0.0),
 (13,'Proteins','Lean Bacon',157.0,20.0,7.0,1.5),
 (14,'Proteins','Smoked Tofu (Ready-to-eat)',170.0,16.0,9.0,3.0),
 (15,'Proteins','Turkey Deli Slices (Smoked)',104.0,17.0,2.0,4.0),
 (16,'Proteins','Egg Whites (Liquid)',52.0,11.0,0.0,0.0),
 (17,'Dairy','Greek Yogurt (2% Fat)',65.0,9.0,2.0,4.0),
 (18,'Dairy','Feta Cheese Light',180.0,18.0,12.0,1.0),
 (19,'Dairy','Cottage Cheese (Low Fat)',75.0,14.0,1.0,3.0),
 (20,'Dairy','Feta Cheese',264.0,14.0,21.0,4.0),
 (21,'Dairy','Parmesan Cheese (Grated)',431.0,38.0,29.0,4.0),
 (22,'Dairy','Milk (1.5% Fat)',47.0,3.4,1.5,4.8),
 (23,'Dairy','Whey Protein Powder',390.0,80.0,3.0,10.0),
 (24,'Carbs (Dry)','White Rice (Dry)',360.0,7.0,0.5,80.0),
 (25,'Carbs (Dry)','Cornmeal (Dry/Polenta)',350.0,7.0,1.0,77.0),
 (26,'Carbs (Dry)','Oats (Dry/Rolled)',380.0,13.0,7.0,66.0),
 (27,'Carbs (Dry)','Pasta (Dry/Durum Wheat)',350.0,12.0,1.5,71.0),
 (28,'Carbs (Dry)','Quinoa (Dry)',368.0,14.0,6.0,64.0),
 (29,'Carbs (Dry)','Couscous (Dry)',376.0,13.0,0.6,77.0),
 (30,'Carbs (Dry)','Lentils (Dry)',352.0,24.0,1.0,63.0),
 (31,'Carbs (Dry)','Honey (Pure)',304.0,0.3,0.0,82.0),
 (32,'Carbs (Dry)','Corn Tortillas',218.0,6.0,3.0,45.0),
 (33,'Carbs (Dry)','Brown Rice (Dry)',360.0,7.5,2.5,76.0),
 (34,'Carbs (Dry)','Potatoes (Raw/White or Red)',77.0,2.0,0.1,17.0),
 (35,'Bread/Bakery','Whole Wheat/Graham Bread',240.0,9.0,2.0,45.0),
 (36,'Bread/Bakery','Rice Cakes (Puffed)',380.0,8.0,3.0,80.0),
 (37,'Fats','Olive Oil (Simple)',884.0,0.0,100.0,0.0),
 (38,'Fats','Pumpkin or Sunflower Seeds',580.0,25.0,48.0,12.0),
 (39,'Fats','Avocado (Fresh)',160.0,2.0,15.0,8.5),
 (40,'Fats','Peanut Butter (smooth)',590.0,24.0,50.0,11.0),
 (41,'Fats','Almonds (Raw)',579.0,21.2,50.0,21.7),
 (42,'Fats','Walnuts (Shelled)',650.0,15.0,65.0,14.0),
 (43,'Sauces','Mustard (Yellow/Dijon)',60.0,4.0,4.0,5.0),
 (44,'Sauces','Bolognese Sauce',85.0,4.5,4.0,7.0),
 (45,'Sauces','Mayonnaise (Standard)',680.0,1.0,75.0,1.0),
 (46,'Sauces','Light Mayonnaise',260.0,1.0,24.0,6.0),
 (47,'Sauces','Hot Sauce (Sriracha)',90.0,1.0,0.0,18.0),
 (48,'Sauces','Pesto Sauce',529.0,5.0,52.0,6.0),
 (49,'Spreads','Cream Cheese',342.0,6.0,34.0,4.0),
 (50,'Spreads','Light Cream Cheese',160.0,9.0,10.0,6.0),
 (51,'Spreads','Hummus (Classic)',166.0,8.0,10.0,14.0),
 (52,'Veg/Fruit','Bell Peppers (Raw)',30.0,1.0,0.3,6.0),
 (53,'Veg/Fruit','Tomatoes (Fresh)',18.0,0.9,0.2,3.9),
 (54,'Veg/Fruit','Cucumbers (Fresh)',15.0,0.7,0.1,3.6),
 (55,'Veg/Fruit','Spinach (Fresh)',23.0,2.9,0.4,3.6),
 (56,'Veg/Fruit','Mushrooms (White)',22.0,3.1,0.3,3.3),
 (57,'Veg/Fruit','Broccoli (Fresh)',34.0,2.8,0.4,6.6),
 (58,'Veg/Fruit','Asparagus (Fresh)',20.0,2.2,0.1,3.9),
 (59,'Veg/Fruit','Zucchini (Fresh)',17.0,1.2,0.3,3.1),
 (60,'Veg/Fruit','Strawberries (Fresh)',32.0,0.7,0.3,7.7),
 (61,'Veg/Fruit','Pineapple (Fresh)',50.0,0.5,0.1,13.0),
 (62,'Veg/Fruit','Apple (Fresh)',52.0,0.3,0.2,14.0),
 (63,'Veg/Fruit','Banana (Fresh)',89.0,1.1,0.3,23.0),
 (64,'Veg/Fruit','Blueberries (Fresh)',57.0,0.7,0.3,14.0),
 (65,'Veg/Fruit','Orange (Fresh)',47.0,0.9,0.1,12.0),
 (66,'Flavor/Aromatics','Balsamic Vinegar',88.0,0.0,0.0,17.0),
 (67,'Flavor/Aromatics','Soy Sauce',53.0,8.0,0.0,5.0),
 (68,'Flavor/Aromatics','Red Onion (Fresh)',40.0,1.1,0.1,9.3),
 (69,'Flavor/Aromatics','Garlic (Fresh)',149.0,6.4,0.5,33.0);
INSERT INTO "meal_ingredients" ("meal_id","food_id") VALUES (0,9),
 (0,16),
 (0,55),
 (0,20),
 (0,53),
 (0,69),
 (1,26),
 (1,23),
 (1,40),
 (1,63),
 (1,60),
 (1,22),
 (2,9),
 (2,35),
 (2,39),
 (2,53),
 (2,68),
 (2,47),
 (3,19),
 (3,64),
 (3,41),
 (3,31),
 (3,23),
 (3,26),
 (4,9),
 (4,16),
 (4,20),
 (4,52),
 (4,55),
 (4,46),
 (5,35),
 (5,40),
 (5,60),
 (5,31),
 (5,63),
 (5,17),
 (6,19),
 (6,63),
 (6,42),
 (6,31),
 (6,64),
 (8,22),
 (8,63),
 (8,26),
 (8,31),
 (8,42),
 (10,17),
 (10,62),
 (10,42),
 (10,31),
 (10,38),
 (11,9),
 (11,16),
 (11,56),
 (11,69),
 (11,55),
 (11,37),
 (12,8),
 (12,35),
 (12,39),
 (12,50),
 (12,68),
 (12,54),
 (13,23),
 (13,61),
 (13,63),
 (13,17),
 (13,38),
 (14,9),
 (14,16),
 (14,59),
 (14,20),
 (14,68),
 (14,69),
 (16,9),
 (16,20),
 (16,53),
 (16,54),
 (16,35),
 (16,51),
 (16,37),
 (18,16),
 (18,9),
 (18,58),
 (18,21),
 (18,69),
 (18,50),
 (19,5),
 (19,9),
 (19,52),
 (19,68),
 (19,55),
 (19,39),
 (19,47),
 (20,15),
 (20,35),
 (20,50),
 (20,54),
 (20,68),
 (20,43),
 (21,13),
 (21,9),
 (21,35),
 (21,46),
 (21,55),
 (21,53),
 (22,11),
 (22,32),
 (22,20),
 (22,52),
 (22,68),
 (22,51),
 (23,10),
 (23,35),
 (23,48),
 (23,53),
 (23,55),
 (23,21),
 (24,15),
 (24,9),
 (24,16),
 (24,39),
 (24,52),
 (24,69),
 (25,35),
 (25,14),
 (25,50),
 (25,54),
 (26,26),
 (26,17),
 (26,40),
 (26,63),
 (27,15),
 (27,32),
 (27,50),
 (28,19),
 (28,62),
 (28,42),
 (29,17),
 (29,23),
 (29,64),
 (30,0),
 (30,24),
 (30,59),
 (30,52),
 (30,69),
 (30,37),
 (30,67),
 (31,5),
 (31,27),
 (31,44),
 (31,69),
 (31,68),
 (31,21),
 (32,0),
 (32,29),
 (32,59),
 (32,52),
 (32,53),
 (32,20),
 (32,69),
 (33,3),
 (33,34),
 (33,69),
 (33,68),
 (33,55),
 (33,37),
 (34,4),
 (34,24),
 (34,53),
 (34,69),
 (34,59),
 (34,37),
 (35,1),
 (35,28),
 (35,57),
 (35,58),
 (35,69),
 (35,37),
 (36,2),
 (36,34),
 (36,69),
 (36,68),
 (36,52),
 (36,43),
 (37,8),
 (37,33),
 (37,57),
 (37,69),
 (37,59),
 (37,67),
 (38,30),
 (38,24),
 (38,53),
 (38,69),
 (38,68),
 (38,55),
 (39,0),
 (39,25),
 (39,69),
 (39,59),
 (39,21),
 (39,37),
 (40,3),
 (40,24),
 (40,57),
 (40,69),
 (40,52),
 (40,67),
 (41,1),
 (41,27),
 (41,53),
 (41,20),
 (41,55),
 (41,69),
 (42,3),
 (42,28),
 (42,54),
 (42,53),
 (42,68),
 (42,66),
 (43,4),
 (43,25),
 (43,58),
 (43,69),
 (43,21),
 (43,37),
 (44,5),
 (44,33),
 (44,52),
 (44,59),
 (44,69),
 (44,67),
 (45,0),
 (45,34),
 (45,57),
 (45,69),
 (45,68),
 (45,37),
 (46,8),
 (46,29),
 (46,59),
 (46,52),
 (46,69),
 (46,37),
 (47,2),
 (47,30),
 (47,55),
 (47,53),
 (47,69),
 (47,68),
 (48,1),
 (48,24),
 (48,57),
 (48,59),
 (48,69),
 (48,67),
 (49,3),
 (49,34),
 (49,53),
 (49,52),
 (49,69),
 (49,68),
 (50,4),
 (50,28),
 (50,58),
 (50,57),
 (50,69),
 (50,37),
 (51,0),
 (51,30),
 (51,55),
 (51,69),
 (51,53),
 (51,59),
 (52,2),
 (52,33),
 (52,52),
 (52,57),
 (52,69),
 (52,67),
 (53,3),
 (53,27),
 (53,59),
 (53,69),
 (53,68),
 (53,21),
 (54,1),
 (54,34),
 (54,58),
 (54,69),
 (54,43),
 (54,37),
 (55,0),
 (55,24),
 (55,57),
 (56,5),
 (56,34),
 (56,69),
 (56,52),
 (56,68),
 (57,6),
 (57,27),
 (57,37),
 (57,53),
 (58,1),
 (58,39),
 (58,24),
 (59,4),
 (59,28),
 (59,55),
 (60,15),
 (60,50),
 (60,54),
 (60,68),
 (60,43),
 (61,11),
 (61,36),
 (61,20),
 (61,53),
 (61,47),
 (62,17),
 (62,42),
 (62,64),
 (62,31),
 (63,10),
 (63,35),
 (63,51),
 (63,54),
 (63,52),
 (64,62),
 (64,40),
 (64,38),
 (65,3),
 (65,39),
 (65,53),
 (65,66),
 (65,21),
 (66,19),
 (66,60),
 (66,36),
 (66,31),
 (67,12),
 (67,61),
 (67,42),
 (67,66),
 (68,14),
 (68,36),
 (68,48),
 (68,53),
 (69,23),
 (69,64),
 (69,41),
 (69,22),
 (70,15),
 (70,36),
 (70,39),
 (70,53),
 (70,43),
 (71,10),
 (71,35),
 (71,48),
 (71,21),
 (71,55),
 (72,19),
 (72,35),
 (72,60),
 (72,31),
 (72,42),
 (73,11),
 (73,32),
 (73,50),
 (73,52),
 (73,68),
 (74,17),
 (74,61),
 (74,38),
 (74,31),
 (75,6),
 (75,54),
 (75,53),
 (75,20),
 (75,66),
 (76,36),
 (76,40),
 (76,63),
 (76,31),
 (77,14),
 (77,51),
 (77,52),
 (77,54),
 (78,62),
 (78,17),
 (78,40),
 (78,42),
 (79,15),
 (79,9),
 (79,43),
 (79,55),
 (80,35),
 (80,50),
 (80,8),
 (80,54),
 (80,68),
 (81,17),
 (81,62),
 (81,42),
 (81,31),
 (81,38),
 (82,11),
 (82,15),
 (82,21),
 (82,53),
 (82,66),
 (83,10),
 (83,32),
 (83,48),
 (83,55),
 (83,52),
 (84,23),
 (84,22),
 (84,63),
 (84,40),
 (85,11),
 (85,20),
 (85,54),
 (85,10),
 (86,36),
 (86,40),
 (86,17),
 (87,23),
 (87,63),
 (88,15),
 (88,50),
 (88,36),
 (89,17),
 (89,38),
 (90,4),
 (90,34),
 (90,39),
 (90,54),
 (90,53),
 (90,68),
 (90,69),
 (91,8),
 (91,28),
 (91,58),
 (91,57),
 (91,37),
 (91,69),
 (92,2),
 (92,24),
 (92,57),
 (92,69),
 (92,52),
 (92,68),
 (93,3),
 (93,34),
 (93,58),
 (93,69),
 (93,37),
 (93,53),
 (94,30),
 (94,33),
 (94,39),
 (94,53),
 (94,68),
 (94,55),
 (95,5),
 (95,32),
 (95,39),
 (95,53),
 (95,52),
 (95,68),
 (96,4),
 (96,28),
 (96,55),
 (96,53),
 (96,69),
 (96,39),
 (97,0),
 (97,27),
 (97,37),
 (97,69),
 (97,53),
 (97,55),
 (98,1),
 (98,34),
 (98,59),
 (98,52),
 (98,68),
 (98,69),
 (99,0),
 (99,28),
 (99,57),
 (99,52),
 (99,68),
 (99,37),
 (100,5),
 (100,25),
 (100,59),
 (100,69),
 (100,68),
 (100,21),
 (101,8),
 (101,29),
 (101,53),
 (101,54),
 (101,20),
 (101,69),
 (102,1),
 (102,33),
 (102,52),
 (102,53),
 (102,69),
 (102,37),
 (103,4),
 (103,34),
 (103,58),
 (103,69),
 (103,37),
 (103,68),
 (104,0),
 (104,30),
 (104,55),
 (104,69),
 (104,53),
 (104,52),
 (105,2),
 (105,28),
 (105,57),
 (105,59),
 (105,69),
 (105,67),
 (106,3),
 (106,34),
 (106,57),
 (106,69),
 (106,68),
 (106,43),
 (107,0),
 (107,27),
 (107,59),
 (107,52),
 (107,69),
 (107,21),
 (108,8),
 (108,33),
 (108,55),
 (108,54),
 (108,39),
 (108,67),
 (109,4),
 (109,24),
 (109,53),
 (109,69),
 (109,59),
 (109,55),
 (110,2),
 (110,34),
 (110,58),
 (110,69),
 (110,68),
 (110,37),
 (111,3),
 (111,30),
 (111,55),
 (111,53),
 (111,69),
 (111,68),
 (112,1),
 (112,27),
 (112,48),
 (112,59),
 (112,53),
 (112,21),
 (113,8),
 (113,28),
 (113,58),
 (113,69),
 (113,37),
 (113,68),
 (114,0),
 (114,33),
 (114,57),
 (114,52),
 (114,69),
 (114,67),
 (115,8),
 (115,34),
 (115,58),
 (116,3),
 (116,24),
 (116,52),
 (116,67),
 (117,0),
 (117,27),
 (117,21),
 (118,2),
 (118,57),
 (118,28),
 (119,4),
 (119,24),
 (119,69),
 (119,55),
 (100,37),
 (42,37),
 (37,37),
 (94,37);
INSERT INTO "meals" ("meal_id","meal_type_id","title","complexity") VALUES (0,0,'Mediterranean Spinach and Feta Omelette','Standard'),
 (1,0,'High-Protein Peanut Butter and Banana Oats','Standard'),
 (2,0,'Avocado and Egg Breakfast Toast','Standard'),
 (3,0,'Berry and Almond Protein Power Bowl','Standard'),
 (4,0,'Feta and Bell Pepper Scramble','Standard'),
 (5,0,'PB and Strawberry Sweet Toast','Standard'),
 (6,0,'Honey and Fruit Cottage Cheese Bowl','Standard'),
 (8,0,'Sweet Banana and Walnut Oatmeal','Standard'),
 (10,0,'Apple Cinnamon Greek Yogurt Bowl','Standard'),
 (11,0,'Savory Garlic Mushroom Scramble','Standard'),
 (12,0,'Smoked Salmon and Avocado Toast','Standard'),
 (13,0,'Tropical Protein Smoothie Bowl','Standard'),
 (14,0,'Cheesy Zucchini and Egg Skillet','Standard'),
 (16,0,'Mediterranean Breakfast Plate','Standard'),
 (18,0,'Asparagus and Parmesan Egg Bake','Standard'),
 (19,0,'Breakfast Burrito Bowl','Standard'),
 (20,0,'Turkey and Light Cream Cheese Bagel-Style Toast','Standard'),
 (21,0,'Savory Bacon and Egg Breakfast Sandwich','Standard'),
 (22,0,'Salami and Feta Breakfast Wrap','Standard'),
 (23,0,'Chicken Deli and Pesto Morning Toast','Standard'),
 (24,0,'Smoked Turkey and Avocado Scramble','Standard'),
 (25,0,'Savory Smoked Salmon & Cream Cheese Toast','Simple'),
 (26,0,'Basic PB & Banana Oats','Simple'),
 (27,0,'Quick Turkey and Cheese Wrap','Simple'),
 (28,0,'Classic Cottage Cheese and Fruit','Simple'),
 (29,0,'Rapid Protein Yogurt','Simple'),
 (30,1,'Zesty Garlic Chicken and Rice Stir-fry','Standard'),
 (31,1,'Lean Beef Bolognese Pasta','Standard'),
 (32,1,'Mediterranean Chicken and Couscous Bowl','Standard'),
 (33,1,'Garlic Beef and Potato Mash','Standard'),
 (34,1,'White Fish and Rice Tomato Skillet','Standard'),
 (35,1,'Turkey Breast and Quinoa Power Bowl','Standard'),
 (36,1,'Pork Tenderloin and Roasted Potatoes','Standard'),
 (37,1,'Salmon and Brown Rice Medley','Standard'),
 (38,1,'Hearty Lentil and Rice Stew','Standard'),
 (39,1,'Chicken and Polenta Garlic Plate','Standard'),
 (40,1,'Beef and Broccoli Rice Stir-fry','Standard'),
 (41,1,'Mediterranean Turkey and Pasta Bake','Standard'),
 (42,1,'Seared Beef and Quinoa Salad','Standard'),
 (43,1,'White Fish and Polenta with Asparagus','Standard'),
 (44,1,'Lean Ground Beef and Brown Rice Skillet','Standard'),
 (45,1,'Chicken and Potato Herb Roast','Standard'),
 (46,1,'Salmon and Couscous Citrus Bowl','Standard'),
 (47,1,'Pork Tenderloin and Lentil Medley','Standard'),
 (48,1,'Turkey Breast and Rice Veggie Mix','Standard'),
 (49,1,'Beef and Potato Goulash-Style Stew','Standard'),
 (50,1,'White Fish and Quinoa Garlic Bowl','Standard'),
 (51,1,'Chicken and Lentil Garlic Sauté','Standard'),
 (52,1,'Seared Pork and Brown Rice Plate','Standard'),
 (53,1,'Beef and Pasta Skillet with Zucchini','Standard'),
 (54,1,'Turkey Breast and Potato Power Plate','Standard'),
 (55,1,'3-Ingredient Chicken and Rice','Simple'),
 (56,1,'Basic Beef and Potato Skillet','Simple'),
 (57,1,'Simple Tuna Pasta','Simple'),
 (58,1,'Turkey and Avocado Plate','Simple'),
 (59,1,'Quick Fish and Quinoa','Simple'),
 (60,2,'Deli Turkey and Light Cream Cheese Roll-ups','Standard'),
 (61,2,'Savory Salami and Cheese Rice Cakes','Standard'),
 (62,2,'Greek Yogurt and Walnut Power Bowl','Standard'),
 (63,2,'Chicken Deli and Hummus Open Sandwich','Standard'),
 (64,2,'Apple Slices with Peanut Butter and Seeds','Standard'),
 (65,2,'Bresaola-Style Beef and Avocado Plate','Standard'),
 (66,2,'Cottage Cheese and Berry Crisp','Standard'),
 (67,2,'Prosciutto and Melon-Style Pineapple Plate','Standard'),
 (68,2,'Smoked Tofu and Pesto Crackers','Standard'),
 (69,2,'High-Protein Berry Shake and Nuts','Standard'),
 (70,2,'Turkey and Avocado Rice Cake Stack','Standard'),
 (71,2,'Pesto and Chicken Deli Toast','Standard'),
 (72,2,'Sweet Strawberry Cottage Cheese Toast','Standard'),
 (73,2,'Salami and Light Cream Cheese Wraps','Standard'),
 (74,2,'Tropical Greek Yogurt Mix','Standard'),
 (75,2,'Mediterranean Tuna Snack Bowl','Standard'),
 (76,2,'PB & Banana Rice Cakes','Standard'),
 (77,2,'Smoked Tofu and Hummus Plate','Standard'),
 (78,2,'Protein-Packed Apple Nachos','Standard'),
 (79,2,'Savory Turkey and Mustard Bites','Standard'),
 (80,2,'Light Cream Cheese and Salmon Toast','Standard'),
 (81,2,'Honey-Walnut Greek Yogurt Dip','Standard'),
 (82,2,'Italian Deli Protein Plate','Standard'),
 (83,2,'Pesto and Chicken Deli Wrap','Standard'),
 (84,2,'Banana and Peanut Butter Protein Shake','Standard'),
 (85,2,'Salami and Cheese Bites','Simple'),
 (86,2,'Rice Cake and PB','Simple'),
 (87,2,'Protein Shake and Fruit','Simple'),
 (88,2,'Turkey Roll-ups','Simple'),
 (89,2,'Greek Yogurt and Seeds','Simple'),
 (90,3,'Fresh White Fish and Potato Mash with Avocado Salad','Standard'),
 (91,3,'Pan-Seared Salmon with Quinoa and Greens','Standard'),
 (92,3,'Garlic Butter Pork with Rice and Broccoli','Standard'),
 (93,3,'Seared Beef Flank with Asparagus and Potatoes','Standard'),
 (94,3,'Savory Lentil and Brown Rice Bowl','Standard'),
 (95,3,'Healthy Beef Tacos','Standard'),
 (96,3,'Quinoa and Fish Power Salad','Standard'),
 (97,3,'Tomato and Garlic Chicken Pasta','Standard'),
 (98,3,'Roasted Turkey and Potato Medley','Standard'),
 (99,3,'Chicken and Quinoa Rainbow Bowl','Standard'),
 (100,3,'Beef and Zucchini Polenta Bake','Standard'),
 (101,3,'Mediterranean Salmon and Couscous','Standard'),
 (102,3,'Turkey and Brown Rice Stuffed Peppers','Standard'),
 (103,3,'White Fish and Asparagus Potato Roast','Standard'),
 (104,3,'Chicken and Lentil Garlic Sauté','Standard'),
 (105,3,'Pork Tenderloin and Quinoa Medley','Standard'),
 (106,3,'Beef and Potato Herb Skillet','Standard'),
 (107,3,'Chicken and Pasta Primavera','Standard'),
 (108,3,'Salmon and Brown Rice Power Bowl','Standard'),
 (109,3,'White Fish and Rice Veggie Stew','Standard'),
 (110,3,'Pork Tenderloin and Potato Garlic Bake','Standard'),
 (111,3,'Beef and Lentil Hearty Bowl','Standard'),
 (112,3,'Turkey Breast and Pasta Pesto Plate','Standard'),
 (113,3,'Salmon and Quinoa Asparagus Roast','Standard'),
 (114,3,'Chicken and Brown Rice Savory Skillet','Standard'),
 (115,3,'Basic Salmon and Potatoes','Simple'),
 (116,3,'Simple Beef and Rice Bowl','Simple'),
 (117,3,'Chicken and Pasta Bake','Simple'),
 (118,3,'Pork, Broccoli & Quinoa Plate','Simple'),
 (119,3,'White Fish and Rice','Simple');
COMMIT;
