calories,protein,min_fat,meal_type_id,meal_id_suggestion
1093,55,10,1,58
617,17,10,0,6
545,21,10,2,61
498,38,10,2,65
758,70,10,1,57
1171,65,10,3,113
614,63,10,1,57
626,50,10,1,39
711,58,10,3,107
977,67,10,1,42
929,28,10,0,8
469,65,10,0,13
479,25,10,2,73
882,27,10,0,6
798,74,10,1,39
444,21,10,2,68
984,39,10,0,22
875,36,10,1,57
361,27,10,2,83
1056,32,10,3,102
405,15,10,0,16
241,13,10,2,83
418,44,10,2,69
557,15,10,2,68
371,44,10,2,83
1108,70,10,1,39
1053,51,10,3,112
870,71,10,3,95
433,18,10,2,68
480,35,10,3,95
815,53,10,1,42
796,43,10,0,4
499,38,10,2,84
528,13,10,2,76
874,32,10,0,22
682,48,10,0,1
876,51,10,0,1
938,53,10,3,108
753,96,10,1,41
965,36,10,1,46
947,19,10,0,8
929,44,10,1,40
1028,48,10,3,113
468,40,10,1,57
995,66,10,1,42
379,24,10,2,74
1088,68,10,3,108
837,68,10,1,42
889,52,10,3,101
838,79,10,3,112
606,40,10,1,39
830,42,10,3,112
947,38,10,3,108
944,19,10,0,8
534,43,10,0,3
583,42,10,2,68
331,9,10,2,78
703,68,10,0,19
998,59,10,3,100
572,66,10,3,117
605,37,10,1,43
504,46,10,3,90
462,64,10,3,102
1031,96,10,3,112
513,9,10,2,76
585,26,10,2,83
935,52,10,3,113
844,28,10,0,10
258,39,10,2,75
247,28,10,2,79
836,73,10,1,39
450,86,10,3,117
228,19,10,2,65
1183,65,10,3,113
231,18,10,2,67
976,73,10,3,102
474,22,10,2,68
981,22,10,3,102
526,40,10,0,1
862,28,10,1,43
345,47,10,2,79
468,12,10,2,76
514,16,10,0,6
932,29,10,3,108
276,38,10,2,75
390,43,10,2,69
729,21,10,3,94
885,28,10,3,102
481,18,10,0,28
354,29,10,2,84
993,51,10,1,46
379,48,10,2,75
898,27,10,3,108
642,45,10,3,113
425,40,10,2,71
715,54,10,0,21
990,28,10,0,8
458,26,10,3,97
511,40,10,2,77
567,24,10,3,108
945,45,10,3,101
233,32,10,2,75
692,39,10,1,30
664,71,10,3,102
1019,31,10,3,102
811,83,10,1,57
1065,30,10,1,58
947,51,10,3,112
1018,92,10,3,112
1174,57,10,3,113
233,21,10,2,65
504,35,10,2,74
506,41,10,0,3
507,37,10,1,32
1147,75,10,1,30
836,56,10,0,23
1148,66,10,3,100
712,20,10,3,94
766,26,10,0,6
619,21,10,0,6
625,19,10,3,108
385,44,10,2,79
1165,63,10,1,34
905,52,10,1,42
758,63,10,0,13
225,41,10,2,75
984,66,10,1,42
328,30,10,2,60
625,17,10,1,34
300,35,10,2,75
244,37,10,2,75
577,45,10,0,1
561,46,10,0,23
455,42,10,3,112
516,38,10,1,39
766,49,10,1,58
801,22,10,1,34
732,72,10,3,102
1095,56,10,3,101
434,28,10,2,84
1076,34,10,3,102
400,11,10,2,72
996,35,10,0,26
775,20,10,0,10
1076,35,10,3,108
478,41,10,0,13
813,35,10,1,57
623,64,10,3,110
697,26,10,0,26
1170,28,10,3,94
642,54,10,0,3
887,31,10,1,46
495,22,10,2,68
666,44,10,1,39
654,23,10,0,6
464,86,10,1,57
535,13,10,2,76
472,32,10,1,30
594,24,10,3,96
1016,71,10,3,101
654,58,10,3,112
1174,23,10,1,34
585,70,10,3,97
811,58,10,1,42
293,11,10,2,68
487,28,10,2,80
441,45,10,2,84
888,29,10,3,108
343,34,10,2,69
1107,48,10,1,39
938,55,10,1,42
941,26,10,1,30
738,37,10,0,1
593,35,10,2,80
566,56,10,3,112
880,34,10,0,26
262,36,10,2,75
524,41,10,0,3
557,41,10,1,42
1085,32,10,3,94
269,21,10,2,78
627,23,10,1,46
496,42,10,0,19
553,15,10,2,72
674,71,10,3,102
486,22,10,2,68
982,52,10,0,23
1200,73,10,1,43
599,33,10,2,71
348,23,10,2,74
838,72,10,1,57
512,23,10,0,12
656,35,10,3,112
1108,21,10,1,34
616,16,10,0,6
971,59,10,1,42
1060,89,10,1,35
231,19,10,2,85
552,44,10,2,84
546,26,10,2,88
818,42,10,1,57
976,49,10,3,112
529,33,10,2,80
560,14,10,0,6
527,85,10,3,112
916,30,10,0,23
526,69,10,1,52
692,33,10,1,39
333,41,10,2,75
403,43,10,2,69
269,35,10,2,75
1062,58,10,3,113
855,57,10,1,42
671,33,10,3,108
716,88,10,3,117
540,17,10,2,72
301,23,10,2,89
439,23,10,0,10
809,82,10,3,111
750,41,10,3,108
952,60,10,3,95
901,46,10,3,112
1123,49,10,3,113
350,14,10,2,73
491,38,10,0,1
664,82,10,1,32
659,40,10,3,102
1123,40,10,1,57
837,59,10,0,19
408,43,10,2,69
677,61,10,0,13
597,58,10,1,57
1093,46,10,3,113
1002,55,10,3,108
997,37,10,0,26
420,48,10,0,13
1136,44,10,1,39
563,22,10,3,108
352,31,10,2,69
542,39,10,0,19
933,67,10,1,42
514,37,10,2,81
564,19,10,2,64
329,26,10,2,83
871,27,10,0,6
487,32,10,0,3
951,20,10,3,102
796,72,10,3,112
770,30,10,0,23
818,44,10,1,41
556,29,10,3,108
669,56,10,1,39
618,41,10,3,99
890,66,10,1,42
412,10,10,2,62
863,73,10,0,13
1120,69,10,3,100
711,48,10,0,3
778,22,10,1,30
976,57,10,0,1
360,34,10,2,69
779,88,10,3,112
972,81,10,3,112
1162,46,10,1,50
565,34,10,2,80
367,19,10,2,62
731,26,10,0,8
454,49,10,0,13
481,17,10,2,70
400,47,10,0,20
799,35,10,0,21
869,51,10,3,108
462,23,10,3,93
692,45,10,1,43
276,24,10,2,82
944,89,10,1,39
1007,20,10,1,34
1052,47,10,1,39
782,25,10,3,102
302,25,10,2,89
1144,64,10,3,108
800,38,10,3,101
848,80,10,1,42
1170,64,10,1,58
739,58,10,0,4
434,16,10,2,68
669,41,10,1,42
1064,21,10,3,102
856,31,10,0,26
1075,55,10,1,39
424,44,10,2,65
916,70,10,3,118
276,17,10,2,67
1179,35,10,1,43
465,38,10,0,3
346,14,10,2,78
1118,39,10,3,108
570,29,10,2,67
426,48,10,0,13
935,54,10,0,3
706,71,10,1,45
565,72,10,3,92
931,65,10,1,37
544,57,10,1,35
673,66,10,1,57
298,36,10,2,75
1114,30,10,3,94
390,33,10,2,84
881,76,10,1,39
586,33,10,1,39
382,25,10,2,74
1173,68,10,1,58
369,25,10,2,67
648,35,10,0,1
933,68,10,1,59
255,14,10,2,73
864,87,10,1,54
418,40,10,0,19
634,80,10,1,32
516,23,10,3,108
405,16,10,2,72
526,40,10,2,71
1070,66,10,3,108
909,73,10,0,13
292,12,10,2,72
1179,37,10,3,94
513,39,10,2,71
822,82,10,3,112
849,70,10,1,37
522,20,10,2,72
607,28,10,3,112
1003,19,10,1,34
818,29,10,0,23
541,60,10,3,116
542,28,10,2,80
417,26,10,2,71
502,27,10,2,86
508,86,10,1,41
773,45,10,1,39
338,34,10,2,83
642,41,10,1,42
741,44,10,0,26
871,67,10,3,113
596,20,10,1,43
1135,81,10,3,101
671,19,10,0,6
550,63,10,0,1
487,25,10,0,21
412,30,10,2,71
479,44,10,0,13
693,81,10,1,57
889,42,10,0,21
319,11,10,2,68
1157,32,10,3,102
580,35,10,2,80
240,24,10,2,69
1038,23,10,1,34
324,34,10,2,60
585,32,10,3,91
861,60,10,3,101
764,18,10,0,8
372,32,10,2,85
794,45,10,0,12
1174,23,10,1,34
690,47,10,0,1
951,28,10,1,39
903,58,10,3,95
1043,89,10,1,57
738,17,10,0,8
487,79,10,3,117
289,22,10,2,84
273,38,10,2,75
878,49,10,3,112
539,9,10,2,76
786,42,10,3,112
488,18,10,2,68
551,62,10,3,111
534,84,10,3,112
468,13,10,2,72
550,66,10,3,102
792,24,10,1,37
475,44,10,1,35
805,71,10,3,112
897,69,10,3,113
712,76,10,0,13
543,27,10,3,108
918,34,10,0,8
583,22,10,2,88
584,31,10,1,39
524,19,10,2,72
593,76,10,3,112
365,37,10,2,79
744,64,10,1,39
286,23,10,2,81
605,32,10,3,113
515,49,10,1,57
1027,23,10,3,102
238,20,10,2,75
434,39,10,2,67
717,24,10,0,6
765,34,10,3,101
933,87,10,1,43
1131,80,10,1,58
733,42,10,0,23
620,27,10,0,22
818,18,10,0,6
537,29,10,0,22
730,94,10,1,41
707,51,10,1,42
538,37,10,3,112
369,23,10,2,74
302,30,10,2,84
664,82,10,1,32
1113,43,10,3,108
760,39,10,1,43
1030,41,10,3,113
873,28,10,3,102
450,24,10,2,73
524,55,10,1,45
735,33,10,1,46
1185,70,10,3,100
999,51,10,0,26
233,11,10,2,62
1011,27,10,3,94
1124,59,10,1,34
517,14,10,2,72
1154,57,10,1,46
1171,55,10,3,97
381,23,10,2,83
472,52,10,3,102
653,28,10,0,22
596,25,10,0,6
954,68,10,0,13
669,35,10,1,58
654,51,10,0,1
447,33,10,2,71
528,36,10,3,102
462,65,10,1,30
713,47,10,3,99
586,13,10,2,76
752,50,10,3,99
332,12,10,2,68
1137,53,10,3,114
776,21,10,1,58
844,45,10,1,42
450,29,10,2,71
567,49,10,0,3
654,44,10,3,108
632,75,10,1,45
600,53,10,3,112
980,51,10,3,112
316,28,10,2,84
715,66,10,1,57
232,14,10,2,67
1033,66,10,3,112
910,53,10,3,108
901,88,10,1,39
406,30,10,2,84
240,15,10,2,67
451,28,10,2,74
340,38,10,2,83
548,27,10,0,5
367,24,10,2,71
471,71,10,1,58
322,39,10,2,79
454,56,10,1,35
249,43,10,2,75
378,35,10,2,71
1030,44,10,3,116
593,37,10,2,71
339,16,10,2,73
672,78,10,0,13
279,40,10,2,75
613,21,10,0,8
587,14,10,2,76
592,56,10,0,19
511,21,10,2,62
472,18,10,0,6
782,75,10,3,112
461,42,10,2,69
626,24,10,3,97
881,28,10,0,6
808,75,10,0,3
864,61,10,0,27
1029,26,10,1,34
617,72,10,3,99
650,80,10,1,35
570,21,10,2,72
945,56,10,1,42
841,42,10,1,34
675,66,10,1,45
671,43,10,3,113
624,76,10,3,117
484,34,10,0,3
562,11,10,2,76
1005,34,10,3,108
459,29,10,2,81
574,93,10,3,112
458,74,10,3,117
559,33,10,2,80
693,17,10,3,102
885,84,10,1,39
879,22,10,1,34
645,47,10,1,42
680,50,10,0,27
962,72,10,0,1
889,74,10,1,33
491,37,10,2,89
587,56,10,3,110
722,30,10,3,108
408,45,10,2,69
558,31,10,1,39
227,34,10,2,75
967,84,10,1,57
993,40,10,0,22
519,31,10,2,71
586,77,10,1,54
768,64,10,3,100
327,16,10,2,68
851,66,10,0,1
569,24,10,0,22
890,41,10,0,22
453,24,10,2,80
756,49,10,3,99
697,21,10,1,43
624,29,10,1,35
605,55,10,3,90
434,54,10,0,27
798,53,10,0,23
429,42,10,2,69
540,30,10,2,80
383,35,10,2,83
581,19,10,0,6
551,43,10,0,1
560,29,10,0,10
729,24,10,0,6
504,26,10,1,39
816,45,10,1,30
900,73,10,3,100
291,35,10,2,75
859,56,10,0,1
846,49,10,3,112
1021,63,10,3,108
772,21,10,3,94
603,45,10,3,112
927,59,10,3,108
1138,67,10,3,100
1147,50,10,3,113
240,26,10,2,69
573,38,10,2,70
936,75,10,3,107
954,62,10,0,3
1071,25,10,3,102
579,18,10,2,67
1062,36,10,1,58
498,60,10,3,97
563,38,10,2,85
720,62,10,1,42
445,19,10,0,6
304,36,10,2,84
863,33,10,0,22
662,49,10,3,113
1035,68,10,3,95
470,22,10,2,71
830,56,10,3,112
324,12,10,2,68
495,45,10,1,32
432,24,10,2,73
1175,30,10,3,94
482,90,10,1,57
804,31,10,0,22
558,19,10,2,70
301,21,10,2,71
844,36,10,0,22
848,58,10,1,42
1072,48,10,1,32
423,32,10,2,89
969,47,10,0,5
564,18,10,2,76
305,25,10,2,71
704,65,10,1,57
643,76,10,0,13
785,22,10,0,6
654,36,10,3,112
676,46,10,0,1
503,48,10,1,35
538,47,10,1,35
514,70,10,1,35
945,31,10,0,23
428,31,10,0,23
951,37,10,1,39
476,39,10,1,35
547,30,10,0,3
387,55,10,0,24
772,33,10,3,108
706,57,10,0,3
1174,61,10,3,101
379,51,10,0,19
410,14,10,2,72
938,40,10,0,22
805,81,10,3,112
625,45,10,0,23
241,22,10,2,84
247,28,10,2,65
1150,48,10,3,108
539,66,10,3,102
640,60,10,1,57
1011,92,10,1,47
1120,82,10,3,112
450,31,10,3,112
384,39,10,0,23
370,16,10,2,73
252,29,10,2,89
512,22,10,0,12
1192,31,10,1,34
927,56,10,3,108
587,27,10,1,42
436,23,10,2,81
652,27,10,1,37
730,35,10,1,43
408,39,10,0,21
419,13,10,2,68
671,54,10,3,115
481,15,10,2,86
283,10,10,2,81
680,38,10,0,23
509,85,10,3,112
763,39,10,0,1
268,31,10,2,84
494,24,10,2,62
843,40,10,0,5
393,40,10,2,71
584,34,10,2,80
766,71,10,3,112
1169,54,10,1,37
294,36,10,2,75
696,82,10,3,117
522,66,10,0,19
575,59,10,0,0
534,65,10,0,19
227,27,10,2,75
724,37,10,0,10
542,92,10,1,41
477,16,10,2,76
457,44,10,0,20
424,36,10,0,13
1088,51,10,1,42
1091,28,10,1,43
772,55,10,0,3
397,34,10,0,18
873,36,10,1,39
725,33,10,0,23
348,20,10,2,74
402,26,10,0,24
700,19,10,1,58
942,58,10,0,3
481,41,10,2,84
587,47,10,1,43
1116,53,10,3,91
425,12,10,2,72
902,53,10,0,1
1151,29,10,3,94
335,16,10,2,70
527,21,10,2,62
370,30,10,2,69
226,19,10,2,85
835,55,10,0,1
256,17,10,2,83
466,27,10,2,80
515,24,10,0,12
334,15,10,2,61
936,34,10,1,37
1012,83,10,3,112
854,61,10,0,19
1188,57,10,3,94
639,34,10,3,91
459,40,10,2,69
772,60,10,0,3
532,16,10,2,70
1029,42,10,1,46
1172,40,10,1,34
658,58,10,1,57
549,50,10,3,90
804,36,10,0,22
1184,47,10,1,57
679,70,10,3,95
568,25,10,1,39
510,22,10,1,30
361,18,10,2,81
914,62,10,1,42
907,22,10,3,102
467,49,10,2,69
985,58,10,3,100
905,46,10,0,23
911,31,10,3,108
1087,43,10,3,108
509,16,10,2,70
1040,70,10,3,95
561,36,10,3,112
656,56,10,1,39
513,27,10,2,73
712,74,10,1,53
400,27,10,0,24
464,37,10,1,30
497,56,10,0,3
519,34,10,2,71
599,10,10,2,76
513,30,10,2,71
942,51,10,3,112
607,52,10,1,35
882,52,10,1,42
312,20,10,2,86
473,80,10,0,24
805,89,10,3,112
682,54,10,1,42
914,36,10,0,26
1159,45,10,3,108
524,53,10,3,112
449,16,10,2,72
269,34,10,2,79
354,47,10,2,84
777,41,10,1,39
937,49,10,0,23
632,75,10,3,117
944,15,10,0,8
637,36,10,0,23
411,70,10,0,24
702,33,10,0,3
573,46,10,3,118
726,56,10,0,13
714,21,10,1,30
1024,42,10,1,46
622,64,10,0,4
943,59,10,0,3
510,39,10,1,32
562,59,10,0,1
789,84,10,3,112
398,35,10,2,84
476,67,10,1,58
505,54,10,0,19
576,30,10,1,58
1176,25,10,1,34
730,17,10,0,10
455,26,10,2,80
1002,59,10,1,43
661,29,10,3,108
997,57,10,0,22
936,22,10,1,30
1039,28,10,1,37
248,36,10,2,75
547,12,10,2,76
482,36,10,2,84
485,21,10,3,102
1040,67,10,1,42
884,58,10,1,42
669,38,10,1,35
742,25,10,0,6
521,19,10,2,78
779,55,10,0,20
457,23,10,3,97
462,59,10,3,97
904,73,10,3,100
738,35,10,3,105
531,14,10,2,76
808,19,10,0,8
400,81,10,0,24
551,51,10,1,30
592,31,10,2,67
240,23,10,2,69
301,23,10,2,71
727,66,10,0,3
862,71,10,1,42
1093,58,10,1,58
456,26,10,2,78
1155,20,10,3,102
574,15,10,2,78
239,17,10,2,71
377,35,10,2,71
536,32,10,0,23
1084,35,10,3,108
754,72,10,0,19
864,48,10,0,23
552,17,10,0,6
1139,79,10,1,50
670,48,10,0,23
662,61,10,1,49
233,46,10,2,75
568,34,10,3,91
719,64,10,1,57
624,34,10,0,22
643,45,10,3,95
936,72,10,3,96
718,36,10,1,58
738,48,10,0,3
463,63,10,1,52
886,25,10,1,43
230,20,10,2,85
371,26,10,2,84
561,60,10,1,54
317,33,10,2,84
327,12,10,2,64
225,37,10,2,75
743,67,10,1,39
249,21,10,2,85
1191,32,10,1,34
359,14,10,2,78
998,50,10,1,34
1102,76,10,1,58
883,38,10,0,22
574,22,10,2,73
595,77,10,1,54
864,20,10,3,102
720,26,10,1,37
351,30,10,2,69
724,28,10,0,26
688,43,10,1,42
441,26,10,2,68
264,43,10,2,75
629,46,10,3,118
1006,73,10,3,101
434,41,10,2,84
1035,90,10,1,39
898,32,10,0,10
890,50,10,1,42
851,74,10,3,112
611,75,10,3,117
666,45,10,3,99
415,22,10,2,73
897,48,10,3,112
795,23,10,3,102
997,20,10,1,34
775,82,10,3,97
554,44,10,2,84
508,18,10,2,70
495,84,10,3,112
702,65,10,3,100
954,51,10,1,42
467,48,10,2,84
757,32,10,1,46
645,48,10,0,1
655,32,10,0,16
496,32,10,2,71
929,57,10,1,43
549,39,10,1,42
380,48,10,0,27
1083,52,10,3,91
542,17,10,2,70
1024,25,10,1,34
1179,20,10,3,102
458,32,10,0,23
402,35,10,2,84
765,22,10,0,6
432,40,10,2,69
402,18,10,2,83
780,56,10,1,42
926,55,10,0,23
549,26,10,2,88
367,18,10,2,73
1050,32,10,1,37
533,33,10,2,80
383,49,10,0,24
794,62,10,0,1
1003,71,10,3,101
507,23,10,1,39
281,30,10,2,69
977,36,10,0,26
351,36,10,2,69
773,52,10,1,42
830,67,10,0,1
415,53,10,0,18
559,43,10,2,84
244,29,10,2,75
1067,78,10,1,42
584,22,10,2,88
576,44,10,2,84
536,35,10,0,3
716,34,10,3,108
511,38,10,1,54
604,53,10,3,112
904,79,10,1,39
701,35,10,3,113
775,18,10,0,8
777,70,10,0,3
565,64,10,3,111
477,13,10,2,78
762,22,10,3,108
807,48,10,1,43
469,39,10,2,71
421,44,10,2,69
595,26,10,1,39
979,75,10,3,105
569,41,10,2,88
614,35,10,0,23
1040,67,10,1,42
520,68,10,1,35
570,63,10,3,111
685,71,10,3,102
443,34,10,2,67
558,84,10,1,41
360,22,10,2,74
609,17,10,1,30
293,19,10,2,74
1032,21,10,1,34
894,73,10,3,100
1090,31,10,1,58
906,78,10,3,112
1012,32,10,3,108
923,46,10,0,21
912,47,10,0,23
926,57,10,3,108
798,23,10,0,6
475,29,10,2,80
1046,80,10,3,102
708,42,10,0,1
584,69,10,0,1
676,39,10,3,112
863,73,10,3,112
720,52,10,3,101
966,44,10,0,22
264,19,10,2,83
781,52,10,3,112
726,73,10,1,33
485,12,10,2,76
871,53,10,3,108
1138,69,10,1,43
380,66,10,0,24
694,36,10,3,112
448,29,10,2,71
1101,66,10,3,100
1080,55,10,1,42
522,13,10,2,76
1145,78,10,3,95
514,26,10,2,80
915,87,10,3,112
579,12,10,2,76
536,16,10,2,70
536,32,10,2,80
511,20,10,3,102
647,57,10,3,112
1186,72,10,3,100
798,56,10,0,19
585,53,10,3,90
993,70,10,3,95
492,71,10,1,35
498,44,10,2,69
629,36,10,0,23
770,48,10,3,108
801,24,10,0,6
581,30,10,1,43
659,48,10,0,27
579,23,10,0,28
950,69,10,3,101
1165,75,10,3,108
289,45,10,2,75
418,23,10,0,19
638,72,10,0,19
563,21,10,2,73
448,30,10,2,71
787,48,10,3,102
331,35,10,2,65
638,76,10,3,117
484,32,10,0,3
593,45,10,0,1
340,48,10,2,79
960,40,10,1,57
1106,28,10,1,34
758,58,10,0,13
446,43,10,2,71
479,17,10,3,95
557,55,10,3,110
683,53,10,3,118
487,39,10,0,4
1137,57,10,3,101
824,46,10,3,112
456,28,10,0,1
593,13,10,2,76
836,66,10,1,42
402,19,10,2,61
443,41,10,2,75
1153,31,10,1,58
813,63,10,1,42
851,41,10,3,116
402,37,10,0,13
1144,43,10,3,108
255,33,10,2,75
798,60,10,1,59
525,44,10,2,84
521,40,10,1,30
403,20,10,0,22
347,12,10,2,83
1166,69,10,3,100
751,28,10,0,26
540,22,10,2,67
568,21,10,2,64
266,34,10,2,75
669,51,10,3,118
486,54,10,0,3
384,20,10,2,62
828,19,10,3,102
471,23,10,0,5
741,89,10,1,41
1162,77,10,3,95
1136,80,10,1,50
839,84,10,1,57
714,60,10,3,117
595,59,10,1,57
677,33,10,1,39
513,77,10,0,24
311,23,10,2,71
1136,47,10,1,31
813,70,10,3,100
415,75,10,0,24
603,44,10,3,112
559,41,10,1,42
723,58,10,0,13
945,73,10,3,108
357,15,10,2,64
313,11,10,2,72
451,76,10,0,24
558,38,10,1,42
1169,33,10,1,58
970,46,10,0,5
960,26,10,3,108
252,18,10,2,71
896,76,10,1,42
500,65,10,1,35
656,15,10,0,6
376,32,10,0,11
412,36,10,2,69
970,68,10,0,3
453,20,10,2,70
468,23,10,2,80
374,24,10,2,67
1089,55,10,1,39
412,26,10,2,62
285,22,10,2,80
473,29,10,2,83
950,41,10,0,22
466,58,10,0,19
421,59,10,0,24
1111,74,10,3,95
433,32,10,2,71
666,27,10,3,108
255,19,10,2,71
559,60,10,3,118
275,26,10,2,84
400,34,10,0,19
502,73,10,1,35
574,22,10,2,73
953,36,10,0,22
1157,51,10,3,114
348,19,10,2,73
569,49,10,1,36
566,77,10,3,97
445,43,10,0,13
505,40,10,2,84
854,72,10,0,3
917,24,10,0,10
533,66,10,3,106
309,11,10,2,68
900,66,10,3,101
432,14,10,2,72
651,81,10,1,32
1159,59,10,3,108
386,24,10,2,67
387,35,10,2,83
872,50,10,3,112
814,46,10,1,30
270,18,10,2,74
1075,34,10,1,58
382,76,10,0,24
553,86,10,3,112
658,22,10,3,108
651,50,10,3,100
345,27,10,2,83
585,40,10,2,85
429,57,10,0,19
1114,30,10,1,58
230,30,10,2,75
1113,35,10,1,58
341,34,10,2,69
749,28,10,1,37
1022,65,10,1,39
832,52,10,1,39
932,38,10,0,22
395,37,10,2,71
817,50,10,0,1
990,17,10,1,34
1020,96,10,3,112
694,62,10,1,57
894,43,10,0,5
336,15,10,2,61
497,76,10,1,57
468,59,10,3,106
590,54,10,1,57
861,49,10,0,3
1138,56,10,3,101
992,81,10,3,102
428,50,10,0,11
1121,49,10,3,113
479,16,10,2,72
845,73,10,3,112
405,17,10,2,83
674,88,10,1,39
515,12,10,2,76
520,48,10,1,53
605,50,10,1,41
326,28,10,2,84
685,26,10,3,108
568,66,10,1,39
1047,54,10,1,39
314,13,10,2,70
475,40,10,0,3
873,69,10,1,59
756,61,10,3,113
559,42,10,2,84
257,26,10,2,84
438,16,10,2,68
377,59,10,0,24
776,34,10,0,27
360,42,10,2,69
1115,34,10,1,58
1115,94,10,3,112
676,62,10,1,57
451,19,10,1,43
409,23,10,2,80
413,21,10,2,83
883,52,10,1,43
656,64,10,0,23
668,78,10,1,57
414,16,10,2,78
547,13,10,2,76
526,81,10,3,112
887,14,10,0,6
1069,28,10,1,43
566,30,10,1,42
432,41,10,2,71
1089,40,10,1,58
1113,48,10,3,108
861,65,10,3,112
245,26,10,2,65
554,17,10,2,70
1119,21,10,3,102
493,43,10,2,69
724,80,10,3,107
671,62,10,0,23
339,14,10,2,73
847,69,10,1,42
699,69,10,1,57
871,66,10,0,1
954,62,10,1,42
485,76,10,1,35
314,17,10,2,83
989,21,10,1,34
344,12,10,2,68
867,38,10,1,57
639,69,10,3,112
386,15,10,2,72
317,25,10,2,84
495,22,10,2,73
437,17,10,2,72
560,90,10,3,112
1048,73,10,3,101
359,16,10,2,61
940,26,10,0,8
347,27,10,2,83
289,36,10,2,75
451,58,10,0,19
636,59,10,1,42
712,17,10,0,8
998,26,10,1,58
509,49,10,2,71
550,85,10,1,41
598,17,10,2,70
264,40,10,2,75
793,63,10,0,1
914,27,10,0,6
229,12,10,2,83
782,59,10,1,58
772,23,10,0,8
515,60,10,3,99
842,27,10,0,6
526,44,10,1,39
391,26,10,2,74
659,28,10,3,108
379,10,10,2,68
278,40,10,2,75
1002,82,10,1,52
470,49,10,0,19
292,21,10,2,83
310,22,10,2,71
429,9,10,2,76
291,26,10,2,69
866,47,10,0,1
793,71,10,3,112
1107,22,10,1,34
255,17,10,2,83
899,44,10,3,101
719,78,10,1,31
1041,44,10,1,57
499,64,10,1,54
473,52,10,0,1
908,47,10,1,42
371,43,10,2,83
777,29,10,0,23
537,68,10,1,54
1100,29,10,1,43
984,53,10,3,108
1103,53,10,3,112
531,19,10,2,70
598,36,10,2,80
738,44,10,1,42
534,32,10,2,80
660,85,10,3,117
499,50,10,0,19
443,44,10,0,13
777,53,10,1,42
309,25,10,2,71
433,48,10,2,69
286,25,10,2,71
496,50,10,1,35
331,11,10,2,78
869,76,10,1,39
820,43,10,3,112
746,40,10,0,1
676,50,10,0,1
904,34,10,3,108
287,34,10,2,75
932,20,10,1,34
502,42,10,0,3
857,56,10,0,3
888,58,10,0,1
714,76,10,1,52
514,26,10,2,80
414,41,10,0,14
444,39,10,2,71
515,47,10,2,71
549,13,10,2,76
242,41,10,2,75
936,98,10,3,111
579,47,10,3,118
439,51,10,0,27
257,19,10,2,75
449,32,10,2,71
653,61,10,3,112
238,13,10,2,83
1152,58,10,1,39
658,20,10,0,6
885,61,10,3,95
760,45,10,0,10
917,39,10,3,113
400,40,10,2,71
1117,36,10,3,108
281,17,10,2,83
408,38,10,2,71
565,81,10,1,41
759,35,10,0,10
647,46,10,3,95
944,60,10,0,3
733,61,10,1,43
475,37,10,2,84
347,39,10,2,79
982,67,10,1,42
784,45,10,1,42
289,33,10,2,79
844,22,10,3,94
510,15,10,2,70
561,16,10,2,72
854,45,10,0,1
849,20,10,3,102
593,14,10,2,81
1155,65,10,1,30
262,21,10,2,78
534,39,10,2,84
958,68,10,1,57
541,40,10,0,27
646,41,10,3,108
387,28,10,2,71
366,12,10,2,68
327,14,10,2,81
501,99,10,1,41
394,21,10,2,80
459,38,10,0,3
689,29,10,0,22
517,37,10,2,63
369,41,10,2,60
543,44,10,3,99
489,75,10,3,117
566,24,10,2,67
1027,60,10,3,100
452,21,10,1,43
562,28,10,1,58
788,55,10,0,19
555,12,10,2,76
723,53,10,0,3
565,49,10,2,84
353,11,10,2,81
843,38,10,0,22
490,78,10,0,24
475,27,10,0,21
1184,64,10,3,108
769,62,10,3,112
800,28,10,0,26
761,23,10,1,30
917,33,10,0,26
978,98,10,3,111
843,49,10,3,112
394,38,10,0,24
563,21,10,0,8
531,30,10,1,39
594,36,10,1,57
449,45,10,0,13
372,10,10,2,76
264,12,10,2,68
900,39,10,3,113
297,35,10,2,75
864,33,10,1,39
1165,62,10,1,58
305,44,10,2,75
596,63,10,0,13
824,42,10,0,16
580,13,10,2,76
1115,41,10,3,108
923,73,10,3,107
883,53,10,0,3
562,65,10,1,39
580,35,10,2,80
640,41,10,1,37
1103,89,10,1,57
1018,71,10,3,95
408,24,10,2,71
416,41,10,2,71
518,24,10,0,12
892,29,10,0,8
304,14,10,2,61
421,42,10,0,23
923,88,10,3,112
633,30,10,1,39
997,43,10,3,108
567,17,10,0,6
541,42,10,3,118
500,24,10,1,35
655,70,10,3,112
658,39,10,3,100
659,27,10,0,22
1078,38,10,3,108
1007,60,10,1,43
568,51,10,0,13
576,35,10,2,80
1042,24,10,1,34
574,11,10,2,76
437,37,10,0,23
963,52,10,3,112
441,21,10,0,25
1091,66,10,3,100
1014,56,10,3,108
1163,57,10,1,39
672,77,10,1,47
853,77,10,1,39
1031,73,10,3,95
334,11,10,2,68
767,51,10,0,19
231,27,10,2,65
1112,88,10,1,57
1005,24,10,1,30
1160,65,10,1,30
821,73,10,0,3
751,44,10,3,112
779,37,10,0,21
1161,80,10,3,101
296,27,10,2,69
548,84,10,3,112
613,70,10,0,13
654,55,10,3,117
652,46,10,1,42
1190,23,10,1,34
885,90,10,3,111
575,59,10,3,117
918,37,10,1,39
907,82,10,0,13
547,53,10,1,42
322,28,10,2,84
464,37,10,1,39
471,39,10,1,57
396,29,10,2,71
848,45,10,0,10
417,12,10,2,76
583,19,10,2,76
374,31,10,2,84
566,58,10,1,53
1068,67,10,1,37
317,27,10,2,84
874,81,10,3,112
604,59,10,0,19
463,24,10,3,108
1080,77,10,1,59
926,51,10,0,23
448,18,10,2,72
767,24,10,1,39
484,23,10,0,16
428,52,10,0,13
1113,38,10,1,58
1128,54,10,1,37
379,22,10,2,67
823,62,10,1,42
729,38,10,0,23
961,42,10,3,108
624,65,10,0,13
594,24,10,2,73
896,20,10,0,8
775,54,10,1,46
719,80,10,1,57
512,19,10,2,72
599,48,10,2,84
561,39,10,1,42
863,16,10,0,6
654,20,10,0,6
651,51,10,3,118
495,21,10,2,72
409,20,10,2,61
331,27,10,2,84
633,63,10,0,11
301,20,10,2,71
562,75,10,3,99
1043,66,10,1,58
688,23,10,0,6
610,62,10,3,110
706,67,10,3,110
1000,77,10,1,42
739,44,10,3,102
1196,44,10,1,39
561,28,10,0,5
707,76,10,3,111
594,31,10,2,69
319,20,10,2,74
306,21,10,2,71
619,21,10,0,6
1013,67,10,1,42
760,26,10,3,108
352,34,10,2,71
685,62,10,0,23
312,32,10,2,84
652,69,10,3,102
563,29,10,3,113
604,33,10,3,118
1169,70,10,1,58
1094,83,10,1,42
510,79,10,3,112
1128,32,10,3,94
672,22,10,1,43
804,38,10,0,21
587,34,10,1,37
649,72,10,1,52
553,36,10,2,83
503,34,10,0,21
389,27,10,2,71
427,22,10,2,73
1169,24,10,3,102
387,17,10,2,73
736,27,10,3,108
904,35,10,1,39
654,65,10,1,42
1191,39,10,1,58
1032,51,10,1,46
750,49,10,3,108
862,72,10,1,39
405,9,10,2,76
283,45,10,2,75
849,92,10,1,31
944,56,10,0,1
517,56,10,1,54
1197,70,10,3,100
1120,70,10,1,37
676,34,10,1,39
475,26,10,0,13
740,24,10,0,6
555,32,10,2,80
418,15,10,2,68
442,11,10,2,62
681,84,10,1,32
1066,62,10,1,58
657,68,10,1,53
923,49,10,0,23
924,63,10,0,25
586,34,10,2,71
897,30,10,3,108
1115,38,10,1,37
829,31,10,0,22
797,25,10,3,102
271,10,10,2,68
505,41,10,2,84
771,70,10,0,13
824,25,10,0,10
409,21,10,2,80
628,73,10,0,13
610,35,10,0,23
1093,34,10,1,58
571,57,10,0,19
679,24,10,1,46
720,54,10,1,42
509,34,10,1,43
531,25,10,2,71
666,50,10,1,42
849,48,10,1,30
1010,51,10,1,34
609,27,10,3,96
577,24,10,2,67
285,30,10,2,69
267,35,10,2,75
744,77,10,3,112
599,9,10,2,76
498,44,10,3,100
1056,42,10,1,39
385,52,10,0,11
275,29,10,2,69
287,22,10,2,67
998,59,10,0,23
711,54,10,1,33
250,27,10,2,65
1153,71,10,3,108
453,53,10,1,34
969,45,10,0,22
441,17,10,2,72
452,32,10,3,108
434,22,10,2,62
328,18,10,2,70
723,66,10,1,57
886,57,10,0,3
305,41,10,2,75
791,28,10,3,108
249,23,10,2,75
1187,71,10,3,100
614,68,10,3,112
370,33,10,2,69
415,46,10,2,69
664,58,10,3,112
521,70,10,0,19
382,17,10,2,62
1106,62,10,3,108
1001,69,10,3,95
702,32,10,1,58
560,18,10,2,68
250,36,10,2,75
406,31,10,2,84
545,76,10,3,99
992,34,10,1,37
680,57,10,0,1
587,47,10,0,3
451,33,10,2,67
652,36,10,3,112
370,19,10,2,62
1090,84,10,1,39
479,71,10,1,58
501,53,10,1,30
1088,81,10,1,42
909,62,10,3,95
942,34,10,0,8
1056,53,10,1,58
711,79,10,3,118
319,11,10,2,68
985,32,10,1,43
492,34,10,2,83
521,31,10,3,108
463,66,10,0,13
724,61,10,0,19
860,43,10,3,101
278,28,10,2,84
580,64,10,1,54
1099,47,10,1,57
1042,84,10,1,39
404,45,10,0,24
596,17,10,0,6
365,39,10,2,65
572,16,10,2,72
754,18,10,0,8
857,36,10,0,22
452,43,10,2,69
687,22,10,0,6
575,58,10,1,57
602,37,10,3,117
542,26,10,0,5
561,49,10,1,34
842,67,10,1,42
647,58,10,0,13
662,33,10,3,108
784,22,10,1,30
842,41,10,3,101
477,55,10,1,45
267,36,10,2,75
1062,25,10,3,102
375,17,10,2,72
592,18,10,2,70
593,22,10,2,72
976,42,10,0,22
1049,40,10,1,39
385,27,10,2,71
592,34,10,2,80
906,39,10,0,22
530,74,10,0,1
970,44,10,3,113
585,37,10,2,80
982,56,10,3,108
535,55,10,1,45
1166,69,10,1,58
598,64,10,3,97
976,82,10,3,112
542,23,10,3,97
948,81,10,0,23
260,48,10,2,75
527,24,10,1,39
1097,55,10,1,34
234,30,10,2,75
745,39,10,1,42
779,53,10,3,95
496,17,10,2,76
822,62,10,1,42
537,49,10,1,42
769,64,10,1,39
378,39,10,2,65
787,42,10,0,23
736,39,10,0,1
1187,72,10,3,100
624,61,10,0,3
960,27,10,0,8
553,37,10,3,95
263,15,10,2,62
460,46,10,2,84
903,45,10,0,21
582,25,10,2,67
980,24,10,0,8
683,57,10,1,39
408,26,10,2,74
875,24,10,3,108
658,53,10,1,42
780,88,10,3,112
1186,31,10,3,94
336,16,10,2,70
711,98,10,1,51
849,25,10,1,30
635,63,10,3,111
1025,54,10,1,42
404,10,10,2,76
478,32,10,2,83
530,36,10,1,30
745,59,10,0,13
738,37,10,1,37
1033,74,10,1,58
930,31,10,0,8
406,17,10,2,64
984,32,10,1,43
385,14,10,2,68
1036,24,10,1,34
839,71,10,1,42
978,30,10,3,102
759,37,10,3,108
794,34,10,0,27
543,57,10,1,42
1107,80,10,3,118
520,54,10,0,21
246,21,10,2,83
956,69,10,0,13
453,40,10,3,103
767,82,10,3,112
442,30,10,0,3
340,14,10,2,73
858,28,10,0,6
967,80,10,1,39
573,19,10,2,72
784,30,10,0,26
528,51,10,0,19
354,26,10,2,69
708,67,10,0,19
756,76,10,1,54
756,71,10,3,93
799,57,10,1,42
864,56,10,0,3
805,77,10,1,39
337,27,10,2,83
1163,42,10,3,108
543,78,10,1,57
953,57,10,1,43
635,60,10,0,23
484,30,10,2,71
630,29,10,0,16
905,68,10,3,118
449,34,10,0,13
276,42,10,2,75
996,45,10,3,113
330,31,10,2,79
1148,49,10,3,113
859,50,10,0,1
566,35,10,2,80
484,16,10,2,64
333,19,10,2,86
461,45,10,1,45
700,66,10,3,93
1053,46,10,3,100
905,76,10,0,3
812,53,10,3,99
723,34,10,3,101
302,20,10,2,83
1182,94,10,1,43
489,57,10,0,20
980,22,10,3,102
935,81,10,3,112
1191,72,10,3,102
448,30,10,2,71
384,57,10,0,24
675,51,10,0,1
473,28,10,2,80
582,20,10,2,61
793,76,10,0,3
298,36,10,2,75
564,21,10,3,108
576,37,10,1,39
580,46,10,3,103
337,37,10,2,60
540,35,10,0,1
1018,24,10,3,102
965,24,10,3,102
459,63,10,3,97
383,36,10,2,71
660,53,10,1,46
371,18,10,2,61
798,37,10,3,101
582,14,10,2,81
970,44,10,0,10
936,40,10,0,22
939,55,10,1,42
566,14,10,2,76
407,39,10,2,69
855,54,10,0,3
676,77,10,1,47
1140,57,10,3,101
968,50,10,0,16
1090,71,10,1,39
515,12,10,2,76
608,49,10,0,3
404,51,10,0,27
945,89,10,1,39
833,25,10,0,6
410,11,10,2,72
402,60,10,0,24
893,61,10,1,46
573,26,10,2,62
1131,32,10,3,94
695,59,10,3,117
236,34,10,2,75
998,69,10,1,42
925,24,10,0,10
686,68,10,0,1
849,48,10,0,1
763,64,10,3,100
805,38,10,1,44
1016,47,10,3,91
735,57,10,0,13
392,14,10,2,68
595,36,10,3,112
715,20,10,0,10
823,30,10,0,22
542,83,10,3,112
399,41,10,2,83
251,28,10,2,75
665,23,10,3,108
484,35,10,2,88
513,50,10,0,11
445,40,10,0,23
574,11,10,2,76
832,55,10,0,1
384,28,10,2,71
952,60,10,3,95
830,40,10,1,42
1149,59,10,1,34
717,29,10,3,108
775,80,10,3,112
945,74,10,3,118
452,64,10,3,102
855,61,10,0,19
519,15,10,2,70
847,47,10,3,112
561,14,10,2,83
468,80,10,1,54
782,35,10,0,22
582,21,10,2,73
391,29,10,0,23
771,23,10,3,108
756,79,10,3,111
609,28,10,0,1
399,40,10,2,84
506,48,10,0,23
933,33,10,1,37
774,40,10,1,43
564,45,10,2,69
771,45,10,1,42
309,12,10,2,72
1026,59,10,1,37
942,58,10,3,108
305,30,10,2,84
926,49,10,1,39
1011,19,10,1,34
482,32,10,1,30
955,65,10,3,95
609,70,10,3,116
449,25,10,2,62
493,35,10,2,83
475,19,10,3,102
459,74,10,3,117
741,26,10,0,10
605,22,10,3,95
616,50,10,3,103
1140,53,10,1,50
568,49,10,2,69
538,14,10,2,76
640,37,10,1,42
656,64,10,0,19
295,31,10,2,69
399,41,10,0,0
1144,40,10,1,52
684,31,10,1,35
739,27,10,3,108
339,26,10,2,69
491,21,10,2,62
469,44,10,2,71
789,70,10,0,13
547,53,10,1,42
691,16,10,0,8
546,33,10,2,80
520,34,10,3,112
497,33,10,2,83
403,17,10,2,83
864,20,10,0,8
863,49,10,3,112
570,48,10,0,13
559,53,10,3,112
879,34,10,1,39
831,31,10,3,108
580,61,10,3,103
387,42,10,2,60
592,25,10,3,95
442,29,10,2,71
872,30,10,1,46
723,28,10,0,26
258,25,10,2,69
572,39,10,0,3
913,37,10,0,10
532,72,10,0,19
928,70,10,3,118
950,19,10,1,34
1057,46,10,1,57
526,30,10,3,100
261,17,10,2,83
829,80,10,3,112
833,45,10,1,39
511,15,10,2,86
495,68,10,0,1
975,57,10,3,100
567,40,10,1,42
428,12,10,2,76
983,60,10,3,108
974,89,10,3,112
885,43,10,1,34
864,62,10,0,27
1045,55,10,1,58
1143,25,10,1,34
1003,49,10,1,37
831,35,10,1,57
335,13,10,2,72
1117,54,10,3,112
1130,65,10,1,58
1023,50,10,1,43
457,36,10,2,84
777,71,10,1,57
521,38,10,3,101
591,60,10,3,95
581,20,10,2,78
657,52,10,1,42
743,62,10,1,30
1159,37,10,1,34
984,49,10,3,112
670,31,10,0,4
261,15,10,2,67
909,70,10,0,1
591,81,10,1,41
502,77,10,1,54
445,20,10,2,70
781,29,10,3,108
646,82,10,3,117
527,45,10,3,107
611,78,10,3,117
420,24,10,2,73
666,52,10,1,53
978,55,10,0,4
297,15,10,2,68
417,39,10,2,71
865,48,10,1,30
254,23,10,2,84
1074,65,10,3,100
910,26,10,3,108
711,21,10,0,6
933,64,10,0,3
630,24,10,0,22
367,21,10,2,86
246,22,10,2,84
953,60,10,1,42
951,26,10,0,8
1056,27,10,3,108
457,44,10,2,69
446,29,10,2,74
507,17,10,2,76
966,69,10,1,42
791,88,10,3,112
449,14,10,2,72
600,21,10,0,6
265,33,10,2,79
508,73,10,3,117
539,34,10,2,74
531,48,10,3,90
462,23,10,1,57
665,70,10,3,102
445,37,10,2,69
817,28,10,0,10
249,32,10,2,75
1048,19,10,3,102
1184,47,10,1,57
228,26,10,2,65
629,28,10,1,57
951,34,10,0,23
901,60,10,0,1
870,26,10,0,6
565,28,10,2,61
502,41,10,2,84
555,24,10,2,88
638,26,10,0,10
994,44,10,0,22
532,31,10,2,71
944,31,10,0,23
739,36,10,1,34
443,23,10,0,22
765,19,10,0,10
547,50,10,0,13
930,49,10,0,23
564,50,10,0,13
646,55,10,1,39
362,21,10,2,83
1092,78,10,1,42
725,90,10,1,41
759,19,10,3,102
1000,49,10,3,101
758,92,10,1,41
453,50,10,3,95
504,74,10,0,13
635,38,10,0,1
522,28,10,0,22
406,20,10,2,80
448,33,10,2,67
839,79,10,3,112
627,44,10,3,99
1101,78,10,1,58
396,26,10,0,4
633,42,10,1,42
359,31,10,2,82
1077,78,10,3,101
1018,73,10,1,43
1031,68,10,1,42
244,22,10,2,84
781,47,10,1,37
309,28,10,2,69
897,41,10,3,101
586,61,10,1,57
662,64,10,3,112
392,22,10,2,80
951,54,10,1,37
1080,67,10,1,50
498,44,10,1,30
395,49,10,0,19
657,62,10,0,19
986,23,10,0,8
650,22,10,1,39
900,54,10,3,100
782,42,10,0,23
785,41,10,3,112
664,74,10,3,112
962,27,10,0,8
1112,25,10,1,34
1071,21,10,1,34
698,80,10,1,47
532,25,10,2,71
609,30,10,1,43
1000,31,10,3,102
562,59,10,1,41
465,51,10,0,13
528,76,10,1,47
339,48,10,2,79
876,58,10,3,95
997,86,10,1,57
430,17,10,2,72
504,28,10,2,80
566,63,10,0,19
724,61,10,3,110
883,32,10,0,8
420,25,10,2,74
454,49,10,1,34
838,68,10,1,37
854,92,10,1,47
441,27,10,2,62
747,64,10,0,3
641,57,10,0,23
1166,66,10,3,108
415,32,10,2,84
1106,63,10,1,34
487,23,10,2,78
405,29,10,2,71
748,65,10,3,100
701,40,10,1,39
978,27,10,3,102
1154,30,10,1,34
697,54,10,0,1
462,52,10,0,23
428,71,10,0,24
340,9,10,2,62
1074,26,10,1,34
232,15,10,2,83
756,21,10,0,6
463,25,10,0,22
416,68,10,0,24
1024,30,10,1,39
669,36,10,1,35
501,38,10,2,84
769,27,10,1,37
540,35,10,3,112
457,32,10,2,71
429,25,10,2,73
546,71,10,0,1
906,23,10,1,34
499,51,10,1,32
1135,21,10,1,34
838,61,10,3,101
529,81,10,0,24
901,21,10,3,102
314,22,10,2,71
1162,71,10,1,52
642,72,10,3,112
834,58,10,3,96
380,37,10,0,23
906,87,10,1,43
1179,31,10,1,34
418,17,10,2,72
425,24,10,0,22
834,62,10,3,101
405,18,10,2,73
887,35,10,3,112
551,14,10,2,76
668,60,10,0,13
586,23,10,1,34
358,15,10,2,73
309,48,10,2,75
882,69,10,3,102
460,35,10,3,117
484,35,10,0,3
494,25,10,2,62
862,59,10,1,42
647,41,10,3,108
554,88,10,3,112
561,37,10,0,3
596,14,10,2,76
691,64,10,1,57
669,50,10,3,113
1161,69,10,1,58
1150,83,10,1,50
697,80,10,0,19
1086,26,10,1,34
378,28,10,2,71
499,50,10,3,112
269,38,10,2,75
545,21,10,2,62
917,38,10,1,37
629,66,10,0,13
443,21,10,2,62
632,25,10,1,39
724,60,10,1,43
446,38,10,2,84
842,50,10,1,43
640,19,10,0,6
365,9,10,2,62
842,21,10,3,102
513,61,10,0,11
569,31,10,3,103
1177,74,10,3,112
312,15,10,2,70
504,36,10,2,81
591,30,10,2,67
532,36,10,2,70
1052,70,10,3,95
872,18,10,3,102
598,46,10,0,19
853,44,10,3,112
920,83,10,1,57
1126,20,10,1,34
421,14,10,0,6
458,23,10,0,22
1002,38,10,1,39
548,11,10,2,76
905,28,10,0,6
836,64,10,3,101
522,63,10,3,118
566,10,10,2,76
513,28,10,1,35
626,51,10,0,3
514,44,10,2,84
291,35,10,2,75
265,38,10,2,75
849,53,10,1,42
556,64,10,0,1
420,29,10,2,71
812,29,10,0,8
802,68,10,0,3
564,34,10,0,1
748,27,10,0,10
302,13,10,2,68
396,76,10,0,24
713,72,10,1,54
579,48,10,3,103
556,73,10,0,1
1070,48,10,3,94
985,73,10,0,1
809,41,10,0,23
284,20,10,2,71
402,68,10,0,24
417,62,10,0,24
355,30,10,2,65
766,37,10,0,1
650,39,10,0,1
1077,48,10,3,108
898,78,10,3,112
594,32,10,0,22
608,23,10,0,28
340,39,10,2,79
588,19,10,0,6
648,43,10,3,97
1126,32,10,3,102
455,65,10,3,117
506,42,10,2,84
529,12,10,2,76
555,20,10,0,10
909,21,10,0,8
1013,93,10,3,112
1032,61,10,1,58
484,26,10,3,99
593,60,10,1,57
455,86,10,1,57
484,42,10,0,13
501,53,10,1,30
1026,39,10,1,39
1177,77,10,3,96
828,48,10,1,42
666,63,10,0,19
312,33,10,2,71
864,80,10,3,112
1122,46,10,1,50
689,59,10,0,1
1137,18,10,3,102
618,19,10,0,6
1190,47,10,3,108
516,16,10,0,6
553,26,10,0,12
1199,48,10,1,57
1050,76,10,1,42
571,83,10,0,24
1076,88,10,3,112
884,50,10,0,23
736,67,10,3,93
871,62,10,1,42
677,52,10,1,42
1123,78,10,1,57
687,58,10,0,1
511,28,10,2,80
889,35,10,1,39
435,19,10,2,62
871,77,10,3,112
821,64,10,3,93
260,19,10,2,71
572,11,10,2,76
457,28,10,1,50
740,33,10,1,46
567,43,10,2,77
541,32,10,0,23
295,25,10,2,84
902,71,10,1,42
614,77,10,1,35
1118,70,10,3,112
1143,53,10,3,97
527,28,10,2,80
1087,26,10,1,34
329,27,10,2,84
522,38,10,2,67
593,13,10,2,68
1071,24,10,3,102
593,32,10,2,80
693,55,10,1,43
559,29,10,2,80
500,73,10,0,13
1032,25,10,1,34
780,27,10,1,46
1191,83,10,3,97
375,15,10,2,78
809,65,10,0,1
983,48,10,0,5
1106,48,10,3,113
412,33,10,2,84
937,16,10,0,8
867,54,10,0,3
452,13,10,2,72
1022,69,10,1,46
629,30,10,0,26
1108,43,10,3,108
1016,69,10,1,42
969,57,10,1,42
482,40,10,0,23
758,61,10,0,19
1198,39,10,1,34
768,84,10,3,112
964,39,10,0,10
1182,48,10,1,57
521,52,10,3,112
227,36,10,2,75
580,61,10,1,57
603,73,10,3,99
438,56,10,0,24
1130,66,10,1,58
1188,38,10,1,58
1104,37,10,3,108
1179,72,10,1,43
864,33,10,0,26
1130,69,10,1,57
886,45,10,3,112
1034,86,10,1,42
806,41,10,3,112
228,15,10,2,83
331,22,10,2,74
401,20,10,2,62
1086,50,10,1,42
531,63,10,1,53
303,40,10,2,75
769,26,10,3,108
460,42,10,0,13
698,41,10,1,30
792,61,10,1,42
1141,87,10,1,41
903,61,10,1,42
591,25,10,2,67
1154,76,10,3,95
1061,28,10,3,94
779,49,10,0,3
714,67,10,0,3
586,38,10,2,80
491,36,10,2,84
479,66,10,3,97
531,65,10,3,97
868,64,10,3,101
522,21,10,1,43
736,44,10,1,58
460,43,10,3,112
913,56,10,0,1
435,54,10,0,13
508,54,10,3,112
542,88,10,3,112
555,23,10,0,22
866,69,10,3,102
703,74,10,0,13
879,26,10,1,37
921,34,10,0,22
512,27,10,3,99
1034,59,10,1,58
516,33,10,2,71
850,36,10,3,112
270,22,10,2,84
592,20,10,2,78
1077,37,10,1,44
395,20,10,2,68
1143,68,10,3,100
470,34,10,2,71
682,23,10,0,6
485,24,10,2,80
504,28,10,2,80
604,81,10,3,117
748,56,10,1,42
506,23,10,2,68
596,40,10,2,70
799,62,10,0,1
891,26,10,0,6
543,17,10,2,61
528,55,10,1,45
890,43,10,3,101
879,34,10,0,22
1074,40,10,1,39
447,30,10,0,3
799,67,10,0,3
572,68,10,1,45
368,10,10,2,76
1052,23,10,3,102
349,21,10,2,83
356,24,10,2,71
582,61,10,0,13
700,72,10,0,3
455,41,10,0,13
1045,32,10,3,102
553,45,10,0,23
459,13,10,2,72
521,35,10,2,70
847,26,10,1,43
916,35,10,0,26
695,55,10,0,1
1118,35,10,1,34
1028,72,10,1,58
575,85,10,3,112
556,21,10,0,28
668,55,10,3,110
387,35,10,0,4
238,10,10,2,86
1140,76,10,3,96
596,34,10,0,3
907,20,10,0,8
705,30,10,3,112
481,27,10,2,80
712,78,10,3,111
1197,73,10,1,52
1142,72,10,3,112
964,42,10,0,22
581,63,10,0,13
235,23,10,2,69
606,56,10,0,23
250,25,10,2,69
486,35,10,2,84
861,38,10,1,57
832,51,10,1,43
463,18,10,2,62
444,45,10,0,13
934,24,10,0,8
697,24,10,3,108
707,22,10,0,6
814,68,10,1,39
616,34,10,0,25
377,55,10,0,24
993,29,10,0,8
678,50,10,0,1
254,40,10,2,75
388,32,10,0,23
838,78,10,1,40
252,15,10,2,83
1134,99,10,1,39
538,37,10,0,3
827,40,10,0,27
718,72,10,1,33
681,29,10,3,108
1104,26,10,1,30
480,21,10,0,16
583,32,10,2,80
549,46,10,1,42
669,70,10,0,13
890,55,10,1,50
688,70,10,0,1
951,71,10,3,105
1046,77,10,3,118
664,22,10,0,6
339,13,10,2,74
965,59,10,3,94
1055,66,10,1,42
819,41,10,0,16
931,37,10,0,22
1107,40,10,1,37
561,26,10,1,43
267,13,10,2,86
1177,18,10,1,34
256,16,10,2,78
522,21,10,2,62
735,33,10,0,23
476,47,10,2,69
1113,39,10,1,58
679,52,10,1,59
564,48,10,2,84
632,70,10,1,45
549,14,10,2,78
519,41,10,3,112
640,56,10,3,100
499,38,10,1,43
771,66,10,1,57
294,22,10,2,84
273,33,10,2,65
729,26,10,0,26
1164,36,10,3,102
629,54,10,0,13
564,53,10,1,42
1096,39,10,1,58
986,28,10,0,8
684,47,10,0,1
748,55,10,3,101
720,36,10,3,91
1144,40,10,1,52
638,48,10,0,1
1017,32,10,3,102
640,40,10,0,1
832,34,10,0,26
978,49,10,1,34
849,50,10,3,95
962,71,10,3,101
788,45,10,0,3
853,66,10,1,43
888,22,10,3,102
304,30,10,2,71
1186,27,10,1,34
939,26,10,0,8
967,29,10,1,37
611,32,10,1,31
407,16,10,2,72
580,17,10,2,70
775,40,10,3,108
334,10,10,2,64
912,40,10,1,32
619,56,10,1,57
468,47,10,3,112
562,41,10,2,68
725,21,10,0,6
745,67,10,1,57
646,25,10,0,28
1196,20,10,3,102
736,27,10,0,8
599,36,10,2,74
986,48,10,0,5
1105,59,10,1,34
992,53,10,3,108
579,30,10,2,73
572,40,10,2,74
1086,28,10,1,43
257,28,10,2,69
1089,70,10,1,42
647,80,10,0,13
872,60,10,0,3
355,9,10,2,81
717,38,10,3,91
470,30,10,2,83
523,16,10,2,76
385,14,10,2,64
754,46,10,3,108
828,58,10,3,101
245,26,10,2,69
867,31,10,1,46
287,38,10,2,75
680,57,10,0,1
1165,77,10,1,58
691,43,10,3,116
414,30,10,0,26
230,19,10,2,65
554,36,10,2,70
1136,85,10,1,40
910,66,10,1,57
606,21,10,3,95
554,38,10,2,81
979,36,10,1,37
241,25,10,2,69
1070,46,10,3,113
529,47,10,2,69
638,60,10,3,112
597,26,10,2,67
615,81,10,1,32
405,15,10,2,68
1167,33,10,3,102
467,30,10,2,83
977,28,10,3,108
373,29,10,2,83
408,58,10,0,24
906,64,10,3,95
735,16,10,0,8
496,55,10,0,3
336,30,10,2,71
1147,71,10,1,37
654,30,10,0,4
552,31,10,2,80
264,33,10,2,79
1172,22,10,1,34
861,46,10,0,1
451,16,10,0,8
539,35,10,0,1
1020,72,10,3,101
1073,94,10,3,112
525,36,10,2,88
1091,27,10,1,34
525,14,10,2,81
998,52,10,0,16
417,15,10,2,78
379,13,10,2,83
795,25,10,3,108
980,49,10,1,43
531,36,10,0,3
1020,61,10,1,40
492,27,10,2,80
508,59,10,0,20
453,48,10,0,13
553,17,10,2,70
529,68,10,0,1
911,79,10,1,39
578,28,10,1,58
689,58,10,0,1
310,9,10,2,72
607,57,10,0,19
876,86,10,3,112
978,28,10,3,108
981,32,10,3,100
940,33,10,0,8
1078,59,10,3,113
846,36,10,3,112
511,48,10,0,23
750,27,10,3,108
1101,59,10,3,113
1113,23,10,1,34
1044,51,10,1,43
886,67,10,1,43
488,35,10,1,32
643,60,10,1,57
495,81,10,3,112
835,25,10,0,6
483,33,10,2,70
674,27,10,0,22
832,68,10,1,37
639,23,10,1,30
823,33,10,0,22
678,38,10,0,23
539,27,10,2,80
428,22,10,2,62
379,49,10,0,13
735,74,10,3,93
1156,72,10,3,112
586,29,10,0,12
491,23,10,0,25
238,38,10,2,75
661,22,10,0,6
836,54,10,0,3
510,17,10,2,64
307,17,10,2,68
726,55,10,3,101
962,33,10,0,26
1028,51,10,1,34
1074,52,10,3,112
459,40,10,2,85
314,18,10,2,67
616,50,10,1,42
241,32,10,2,75
800,37,10,0,10
489,68,10,3,107
900,82,10,0,3
457,21,10,2,68
294,22,10,2,80
306,13,10,2,68
768,31,10,0,23
919,36,10,1,39
990,58,10,1,30
459,58,10,1,41
953,41,10,0,22
1053,53,10,1,58
562,23,10,2,88
1129,41,10,3,108
495,19,10,2,72
865,45,10,0,21
901,73,10,1,37
542,37,10,3,108
333,33,10,2,84
772,29,10,1,37
498,18,10,2,78
476,58,10,0,19
573,50,10,0,3
1105,39,10,3,108
596,40,10,2,85
577,33,10,1,39
684,58,10,3,117
780,32,10,0,22
576,50,10,1,57
812,64,10,1,42
607,78,10,0,19
301,18,10,2,78
281,34,10,2,75
1173,73,10,1,58
719,85,10,3,117
226,30,10,2,75
515,23,10,3,108
1092,63,10,3,100
624,24,10,1,50
608,34,10,3,108
604,51,10,0,3
927,22,10,0,8
746,81,10,1,57
693,51,10,1,42
468,16,10,0,6
866,33,10,3,108
633,48,10,1,42
525,28,10,1,37
462,68,10,0,13
576,27,10,1,42
513,11,10,2,68
817,19,10,0,8
990,79,10,3,102
678,26,10,0,22
590,35,10,2,71
942,61,10,3,95
357,36,10,2,69
1197,86,10,1,50
870,48,10,1,37
562,25,10,1,43
515,59,10,0,13
804,26,10,1,46
715,57,10,0,3
1144,63,10,3,113
930,44,10,1,40
719,36,10,3,91
474,21,10,3,102
1059,79,10,3,118
624,18,10,0,6
420,50,10,0,11
793,25,10,1,43
592,43,10,2,68
405,25,10,2,71
984,62,10,0,3
974,41,10,0,22
565,45,10,2,83
887,58,10,0,3
1178,24,10,3,102
285,26,10,2,84
589,44,10,2,68
591,23,10,2,71
888,43,10,0,5
420,48,10,0,11
928,86,10,1,57
929,41,10,0,22
564,13,10,2,76
307,44,10,2,75
976,22,10,3,102
383,40,10,0,1
1180,49,10,1,37
945,37,10,0,22
330,34,10,2,69
653,54,10,0,13
493,53,10,0,18
423,36,10,2,69
521,25,10,0,10
960,42,10,0,22
271,27,10,2,84
482,27,10,1,30
1158,50,10,1,39
505,31,10,1,35
801,82,10,1,47
979,39,10,0,22
949,58,10,0,23
1006,67,10,3,95
959,96,10,1,39
566,29,10,2,80
786,33,10,0,22
751,29,10,0,10
1142,40,10,3,108
530,28,10,0,22
968,52,10,1,37
488,87,10,3,112
497,34,10,2,71
1173,56,10,1,37
639,22,10,1,46
419,27,10,2,71
857,72,10,0,13
474,66,10,0,13
505,35,10,2,85
722,22,10,1,30
602,31,10,0,22
334,36,10,2,60
799,38,10,3,101
1152,58,10,1,39
594,35,10,2,71
925,53,10,0,23
984,52,10,1,39
816,71,10,3,112
612,48,10,1,43
338,27,10,2,83
460,26,10,0,21
290,43,10,2,75
471,49,10,1,42
703,63,10,1,57
975,20,10,0,8
918,24,10,1,58
575,11,10,2,76
645,38,10,3,118
744,79,10,0,1
944,55,10,0,1
406,21,10,2,81
791,33,10,0,22
386,11,10,2,76
821,71,10,1,57
825,22,10,3,108
1043,37,10,1,44
392,35,10,2,71
566,10,10,2,76
287,23,10,2,71
499,28,10,2,80
379,36,10,0,23
1114,52,10,3,113
951,35,10,0,22
515,43,10,2,84
394,16,10,2,72
262,35,10,2,75
996,41,10,1,46
941,45,10,0,5
523,56,10,1,30
395,54,10,0,24
842,68,10,0,1
764,36,10,3,101
452,13,10,2,81
523,36,10,3,106
1114,37,10,3,108
630,19,10,0,6
510,54,10,0,11
289,31,10,2,69
622,48,10,0,25
412,36,10,0,13
1120,37,10,3,108
852,58,10,1,42
1146,69,10,1,43
500,10,10,2,76
1017,22,10,1,34
932,28,10,1,37
517,31,10,2,71
732,25,10,0,6
990,58,10,0,22
407,57,10,0,24
975,58,10,3,100
977,50,10,0,23
559,23,10,2,88
1093,46,10,3,113
994,58,10,0,3
1010,48,10,3,101
983,55,10,1,30
517,32,10,2,80
758,23,10,1,30
365,18,10,2,73
910,71,10,1,42
903,81,10,3,112
417,60,10,0,24
1074,33,10,1,58
970,19,10,0,8
523,45,10,1,39
655,22,10,0,6
381,42,10,0,13
501,27,10,2,80
681,18,10,0,8
601,38,10,1,42
1169,98,10,3,112
523,30,10,2,80
993,33,10,0,23
789,50,10,0,3
438,11,10,2,62
582,17,10,2,70
373,38,10,2,83
850,61,10,1,42
752,69,10,3,93
1193,23,10,1,34
364,27,10,2,77
900,23,10,1,58
387,39,10,2,69
438,48,10,2,69
879,38,10,3,108
522,32,10,2,80
771,47,10,3,112
1168,29,10,3,102
311,19,10,2,88
572,30,10,2,67
520,65,10,1,35
1119,35,10,1,58
708,21,10,0,8
814,21,10,0,8
648,42,10,3,108
1115,30,10,3,94
523,34,10,0,1
699,55,10,0,1
1058,65,10,3,108
483,24,10,1,39
892,24,10,1,30
418,19,10,0,28
644,41,10,0,1
953,27,10,1,30
942,41,10,0,22
649,96,10,3,112
593,38,10,2,80
225,29,10,2,75
1112,29,10,3,94
1190,35,10,3,102
897,74,10,1,33
803,25,10,1,37
268,19,10,2,71
753,48,10,1,42
1194,72,10,1,43
808,64,10,3,113
452,10,10,2,81
477,47,10,3,112
719,76,10,3,111
822,55,10,1,42
306,21,10,2,71
704,23,10,1,37
239,18,10,2,67
288,24,10,2,85
1188,34,10,3,102
1077,46,10,1,57
950,33,10,0,26
431,40,10,0,13
743,52,10,3,96
625,90,10,1,41
565,38,10,0,26
493,12,10,2,76
494,57,10,1,52
559,48,10,1,43
489,47,10,2,71
860,48,10,3,112
426,32,10,2,89
837,28,10,1,46
412,28,10,2,71
508,28,10,2,80
620,82,10,1,47
1138,49,10,1,57
970,65,10,3,95
462,24,10,3,93
411,54,10,0,24
458,27,10,0,21
906,83,10,3,112
584,58,10,3,110
723,20,10,0,6
1092,28,10,1,43
318,47,10,2,75
378,14,10,2,78
495,51,10,3,107
655,24,10,1,37
510,45,10,2,69
687,24,10,1,39
553,64,10,1,57
700,64,10,1,57
380,33,10,2,84
920,75,10,1,42
684,50,10,3,95
420,28,10,0,1
803,83,10,1,57
283,21,10,2,83
370,33,10,2,69
567,41,10,0,26
287,13,10,2,86
901,49,10,0,23
801,78,10,1,40
798,25,10,1,37
585,14,10,2,76
305,32,10,2,60
552,15,10,2,72
658,28,10,0,26
550,23,10,2,62
232,19,10,2,65
316,22,10,2,86
969,48,10,0,5
489,63,10,0,19
1148,24,10,3,102
852,60,10,3,101
819,61,10,3,101
1121,85,10,1,57
1072,33,10,1,58
557,13,10,2,76
331,12,10,2,68
460,22,10,2,68
527,44,10,0,3
616,53,10,0,19
858,84,10,1,57
698,18,10,0,6
570,50,10,1,43
491,83,10,3,112
935,30,10,1,37
704,46,10,3,108
292,17,10,2,77
1154,25,10,3,102
392,33,10,0,3
829,26,10,0,6
241,44,10,2,75
995,65,10,3,95
861,88,10,3,112
986,46,10,0,22
382,55,10,0,24
591,72,10,3,97
559,37,10,2,70
923,97,10,1,47
836,44,10,0,10
1091,23,10,3,102
699,28,10,1,37
253,14,10,2,67
460,36,10,0,1
915,68,10,1,43
588,58,10,1,57
471,50,10,2,69
579,42,10,2,88
826,65,10,0,1
588,24,10,2,81
927,63,10,3,95
983,29,10,3,102
691,54,10,0,1
706,72,10,1,54
929,51,10,0,23
619,18,10,0,6
538,50,10,3,90
719,63,10,1,57
231,46,10,2,75
759,52,10,0,23
856,47,10,0,1
548,46,10,2,84
668,45,10,0,1
265,13,10,2,68
315,13,10,2,72
848,18,10,1,34
820,20,10,0,10
549,25,10,2,83
1026,58,10,1,37
638,28,10,0,22
884,51,10,1,30
453,42,10,2,71
733,25,10,3,108
1021,40,10,1,39
873,64,10,0,19
671,65,10,3,112
666,71,10,0,13
430,19,10,2,68
739,51,10,0,1
393,18,10,2,61
434,13,10,2,72
728,44,10,3,102
1102,60,10,1,34
822,58,10,3,101
418,38,10,2,69
519,36,10,3,107
986,83,10,3,112
1067,55,10,1,39
713,25,10,1,37
846,36,10,0,22
1076,57,10,3,108
580,61,10,1,57
421,32,10,0,1
908,27,10,0,8
493,58,10,1,30
525,38,10,2,84
306,19,10,2,67
426,79,10,0,24
883,53,10,0,3
792,47,10,0,3
403,27,10,2,71
1011,44,10,1,57
616,94,10,1,41
462,39,10,1,34
528,59,10,0,19
847,25,10,0,6
984,36,10,1,37
590,26,10,2,67
1059,49,10,1,42
562,23,10,2,88
839,85,10,1,43
597,77,10,0,19
1170,18,10,3,102
572,34,10,3,91
590,34,10,2,80
396,30,10,0,4
484,20,10,2,73
502,23,10,0,16
377,74,10,0,24
951,23,10,3,94
578,58,10,0,19
1016,70,10,1,58
518,89,10,1,41
903,58,10,1,42
1080,37,10,3,108
1012,51,10,1,34
532,17,10,0,6
439,37,10,0,3
872,24,10,1,30
232,11,10,2,62
255,34,10,2,75
518,46,10,0,3
502,18,10,2,78
691,18,10,0,6
572,15,10,2,76
500,27,10,0,22
556,36,10,2,70
597,20,10,2,78
551,60,10,0,13
960,52,10,3,112
635,56,10,0,13
723,69,10,3,93
879,77,10,1,42
498,53,10,0,21
732,40,10,3,108
573,38,10,2,74
865,57,10,1,42
386,19,10,2,73
1011,67,10,3,95
531,67,10,1,54
864,38,10,1,44
577,41,10,3,90
902,34,10,0,22
957,28,10,1,37
718,80,10,3,97
412,21,10,2,81
405,63,10,0,24
618,81,10,1,41
968,64,10,0,12
548,32,10,2,80
608,56,10,0,0
478,41,10,0,3
881,50,10,0,1
799,52,10,0,3
470,38,10,0,3
520,20,10,2,83
557,66,10,3,102
414,31,10,2,71
530,60,10,1,54
776,55,10,0,3
377,23,10,2,83
680,40,10,1,39
1157,18,10,3,102
440,35,10,2,65
480,76,10,3,117
1122,83,10,1,58
727,35,10,0,10
380,10,10,2,76
986,51,10,0,16
1151,66,10,1,58
1058,76,10,1,37
1059,74,10,3,95
647,75,10,1,54
739,48,10,3,99
403,39,10,0,23
499,92,10,3,112
317,27,10,2,84
505,36,10,2,80
842,42,10,0,21
883,40,10,1,39
443,22,10,0,25
1010,56,10,1,42
742,68,10,3,93
470,89,10,3,112
665,38,10,3,108
509,96,10,3,112
408,29,10,2,71
284,23,10,2,71
791,30,10,1,39
510,98,10,1,41
1102,66,10,1,43
267,14,10,2,68
423,35,10,2,69
483,61,10,3,102
492,13,10,2,72
1043,57,10,1,58
512,44,10,2,84
1059,31,10,3,102
331,42,10,2,75
594,25,10,2,67
1188,43,10,3,102
472,20,10,2,81
789,21,10,1,34
641,22,10,0,16
831,31,10,0,22
1074,27,10,3,102
993,82,10,3,112
782,43,10,1,39
783,14,10,0,6
877,26,10,0,6
663,67,10,1,57
956,53,10,1,30
455,47,10,3,102
339,10,10,2,78
369,21,10,2,83
864,46,10,1,39
308,17,10,2,71
596,23,10,0,28
568,77,10,3,97
591,41,10,2,71
561,55,10,3,110
1147,28,10,3,102
366,28,10,2,83
227,32,10,2,75
1127,69,10,3,100
963,24,10,3,94
1072,57,10,1,42
657,61,10,0,19
885,47,10,3,112
415,73,10,0,24
928,59,10,0,3
428,12,10,2,76
1080,41,10,1,39
888,24,10,3,94
745,74,10,0,3
1174,39,10,3,100
271,28,10,2,69
1046,46,10,1,39
1000,40,10,1,52
530,22,10,2,83
683,72,10,1,45
983,68,10,0,23
855,26,10,1,37
487,32,10,2,71
603,79,10,1,32
1146,26,10,1,34
883,58,10,1,42
1044,82,10,3,100
577,67,10,0,1
553,94,10,3,112
558,42,10,0,1
462,55,10,3,99
452,36,10,3,102
919,51,10,3,108
1031,54,10,3,108
479,12,10,2,76
801,60,10,3,101
1149,26,10,3,102
432,17,10,2,68
633,30,10,0,22
869,30,10,0,22
885,36,10,0,22
1044,41,10,1,39
731,24,10,0,6
641,68,10,0,13
477,41,10,3,97
463,39,10,0,13
900,49,10,0,23
598,62,10,0,13
758,44,10,0,23
777,54,10,1,42
642,23,10,0,10
679,53,10,3,118
688,71,10,0,11
452,34,10,3,95
295,38,10,2,75
481,30,10,3,112
932,41,10,1,57
486,53,10,0,3
1183,44,10,1,39
521,69,10,1,54
944,70,10,1,43
1009,49,10,3,101
1045,29,10,3,94
712,69,10,0,3
844,69,10,3,93
608,58,10,0,19
807,54,10,0,19
489,31,10,2,71
945,51,10,3,112
231,30,10,2,75
1011,78,10,1,42
739,42,10,3,102
611,47,10,1,43
1155,88,10,1,39
530,70,10,0,1
1030,48,10,1,50
245,36,10,2,75
587,37,10,0,3
492,32,10,2,71
378,14,10,2,78
378,63,10,0,24
871,44,10,3,112
795,74,10,3,112
306,19,10,2,67
616,56,10,0,13
1159,85,10,1,57
437,26,10,2,71
516,86,10,3,112
226,11,10,2,62
519,29,10,1,35
609,27,10,0,22
529,29,10,2,80
534,54,10,3,112
354,14,10,2,78
607,44,10,1,42
575,39,10,2,85
878,23,10,1,34
633,57,10,0,23
1110,51,10,1,42
597,62,10,3,112
265,36,10,2,75
626,35,10,0,25
235,26,10,2,65
453,68,10,3,102
631,87,10,1,41
683,32,10,1,39
901,68,10,1,31
736,32,10,0,23
473,69,10,1,35
532,33,10,2,80
736,71,10,3,102
530,49,10,2,65
349,21,10,2,83
513,86,10,1,41
813,41,10,3,112
766,88,10,1,41
976,45,10,3,91
301,24,10,2,71
1050,55,10,3,108
245,29,10,2,65
780,38,10,0,1
523,27,10,1,39
428,26,10,0,23
916,77,10,1,30
755,57,10,0,3
396,33,10,2,84
960,68,10,1,42
986,14,10,0,8
415,49,10,2,75
864,78,10,1,39
861,42,10,0,5
557,35,10,0,3
539,88,10,1,41
733,49,10,1,42
675,27,10,0,22
461,59,10,1,41
258,17,10,2,83
923,27,10,0,8
387,30,10,2,84
648,63,10,3,112
377,18,10,2,81
526,38,10,0,19
976,46,10,0,5
697,45,10,0,20
520,20,10,0,28
634,39,10,0,1
583,17,10,2,70
529,20,10,2,72
462,38,10,2,84
939,41,10,1,32
535,43,10,2,83
578,35,10,2,67
565,38,10,1,42
527,31,10,2,71
610,52,10,3,112
852,67,10,0,1
924,48,10,0,23
241,40,10,2,75
923,83,10,3,112
435,38,10,2,69
426,13,10,2,78
247,39,10,2,75
702,43,10,1,37
852,92,10,1,31
974,81,10,3,112
841,73,10,0,3
830,67,10,0,3
644,66,10,1,54
760,55,10,1,42
380,38,10,0,14
983,56,10,0,23
492,22,10,2,73
1051,51,10,1,37
549,33,10,2,80
525,50,10,2,69
1097,25,10,1,30
374,36,10,2,69
465,23,10,2,81
628,32,10,0,12
607,34,10,1,42
634,45,10,1,42
1069,47,10,1,39
955,63,10,0,12
915,31,10,0,26
1048,54,10,3,108
788,58,10,0,1
708,33,10,3,108
782,72,10,1,57
394,15,10,2,68
393,59,10,0,24
1109,77,10,3,95
1119,79,10,3,102
708,67,10,0,3
907,40,10,1,58
1148,80,10,1,58
278,21,10,2,71
612,46,10,0,11
715,43,10,1,42
1053,59,10,1,30
289,40,10,2,75
948,42,10,1,58
1153,72,10,1,58
677,24,10,0,6
961,73,10,0,1
910,50,10,1,37
260,20,10,2,83
1145,44,10,1,39
691,76,10,0,13
686,60,10,1,57
416,26,10,2,62
955,40,10,3,108
901,35,10,0,26
718,56,10,3,118
1079,19,10,1,34
727,28,10,0,10
790,23,10,3,108
979,65,10,0,1
383,19,10,2,83
972,52,10,1,42
248,20,10,2,71
738,44,10,0,3
907,34,10,3,113
831,33,10,3,108
863,70,10,3,113
513,89,10,3,112
488,73,10,0,13
691,81,10,3,114
1143,32,10,1,34
266,18,10,2,83
1082,51,10,1,42
880,57,10,3,108
285,26,10,2,84
960,36,10,1,46
556,50,10,0,13
549,42,10,3,96
680,30,10,3,108
667,17,10,0,6
1026,29,10,1,37
556,45,10,3,118
480,50,10,0,0
671,70,10,3,102
538,27,10,3,108
806,35,10,1,57
587,19,10,2,78
1162,24,10,3,102
626,72,10,0,13
328,48,10,2,75
348,45,10,2,75
1095,67,10,3,100
389,14,10,2,68
398,17,10,0,28
686,72,10,0,4
389,36,10,2,71
996,34,10,3,108
497,71,10,0,24
738,37,10,0,1
427,26,10,2,74
267,10,10,2,81
664,29,10,3,108
1071,33,10,3,102
931,67,10,1,42
509,80,10,3,112
539,46,10,2,84
696,51,10,1,42
505,40,10,2,84
958,65,10,3,96
441,26,10,2,73
743,44,10,3,102
418,14,10,2,68
502,31,10,3,112
579,78,10,0,13
1113,40,10,3,112
920,48,10,0,23
551,40,10,2,89
773,21,10,0,6
452,33,10,3,101
624,70,10,3,111
500,56,10,3,97
455,53,10,0,11
914,79,10,1,39
710,62,10,3,100
1107,19,10,3,102
597,32,10,3,91
482,60,10,3,102
482,15,10,2,72
259,25,10,2,69
341,16,10,2,73
388,33,10,2,77
641,32,10,3,108
551,40,10,3,95
735,59,10,1,43
663,57,10,0,19
1151,44,10,3,108
609,79,10,0,13
870,70,10,3,101
768,25,10,0,6
479,78,10,0,24
679,55,10,3,105
1035,34,10,1,37
458,43,10,2,65
756,62,10,3,102
782,24,10,0,6
842,21,10,3,102
529,47,10,0,14
954,28,10,0,6
714,46,10,1,39
465,41,10,0,14
475,94,10,1,57
1014,82,10,3,117
741,60,10,0,13
684,93,10,3,107
712,40,10,0,23
558,12,10,2,68
1143,65,10,1,58
442,31,10,2,71
380,23,10,0,13
748,21,10,0,6
242,37,10,2,75
962,30,10,0,8
858,21,10,0,8
773,59,10,0,0
523,32,10,2,80
389,38,10,2,69
986,52,10,1,39
464,36,10,1,30
669,83,10,1,32
704,96,10,3,112
422,22,10,2,81
234,18,10,2,67
415,39,10,2,71
550,18,10,2,70
618,61,10,0,19
935,57,10,1,42
489,36,10,1,39
782,35,10,0,3
512,23,10,0,28
742,22,10,3,108
587,16,10,0,6
389,44,10,0,13
300,25,10,2,71
354,34,10,2,69
237,29,10,2,75
801,30,10,0,26
554,82,10,0,3
268,34,10,2,79
562,30,10,0,22
265,42,10,2,75
453,34,10,2,67
245,44,10,2,75
258,27,10,2,69
709,42,10,3,102
558,38,10,2,70
763,71,10,3,112
864,48,10,1,37
480,36,10,3,101
508,23,10,1,50
556,63,10,3,111
1063,51,10,3,91
541,36,10,3,108
1145,48,10,1,46
532,27,10,3,108
890,51,10,3,102
672,97,10,3,112
534,30,10,1,35
1059,26,10,1,58
338,28,10,2,84
670,54,10,1,31
798,21,10,3,94
741,50,10,1,42
1004,53,10,1,42
849,36,10,0,22
704,50,10,0,27
988,62,10,0,3
785,60,10,1,42
978,26,10,0,8
470,57,10,0,11
483,49,10,2,84
1058,19,10,3,102
465,35,10,2,65
709,48,10,0,1
574,31,10,2,80
320,33,10,2,65
737,80,10,0,23
1009,38,10,1,39
231,31,10,2,75
693,63,10,0,19
446,47,10,2,69
937,72,10,0,1
662,67,10,0,1
577,24,10,0,10
319,34,10,2,65
298,11,10,2,72
648,74,10,1,52
496,53,10,0,3
697,33,10,3,113
528,54,10,1,45
1043,23,10,1,34
419,36,10,2,75
491,14,10,2,70
428,43,10,0,13
538,29,10,2,73
307,12,10,2,70
1155,75,10,1,50
894,48,10,1,39
961,40,10,0,22
947,46,10,0,21
1010,59,10,1,43
612,35,10,3,112
954,40,10,3,108
1192,28,10,1,34
668,33,10,0,5
1099,63,10,3,100
428,24,10,0,21
438,26,10,2,73
500,41,10,0,3
538,68,10,3,92
585,37,10,0,3
898,62,10,1,42
542,43,10,0,3
734,23,10,1,39
399,29,10,2,71
921,84,10,3,112
656,65,10,1,57
699,31,10,3,108
244,22,10,2,69
1065,37,10,1,58
485,26,10,2,80
560,19,10,2,68
654,36,10,1,35
460,34,10,2,71
270,48,10,2,75
881,55,10,3,108
320,25,10,2,83
1071,40,10,3,108
733,67,10,1,57
922,32,10,1,37
339,50,10,2,75
535,71,10,1,41
267,29,10,2,65
934,92,10,3,112
1050,60,10,3,100
671,34,10,3,108
503,26,10,1,39
443,27,10,0,21
701,53,10,0,1
802,24,10,3,108
840,21,10,0,6
546,41,10,3,103
1013,75,10,3,102
568,23,10,2,88
379,15,10,2,78
952,24,10,3,102
901,77,10,1,39
612,64,10,3,112
435,16,10,2,68
622,27,10,3,102
579,55,10,0,19
871,58,10,1,42
968,46,10,1,42
606,32,10,1,42
546,73,10,1,57
588,53,10,0,13
498,22,10,2,67
743,44,10,3,108
373,32,10,2,69
687,65,10,1,57
589,21,10,2,81
718,62,10,3,100
1187,70,10,1,58
856,56,10,1,42
549,60,10,3,110
403,25,10,2,62
975,46,10,0,5
720,49,10,0,1
500,45,10,2,69
400,12,10,2,72
465,65,10,3,92
424,46,10,0,13
297,33,10,2,75
1024,76,10,3,112
878,32,10,0,10
510,43,10,1,39
1155,32,10,1,58
523,28,10,1,37
640,65,10,1,57
750,83,10,1,47
246,37,10,2,75
860,32,10,1,46
1011,71,10,3,95
609,59,10,1,57
508,81,10,1,41
448,35,10,0,1
583,39,10,2,70
238,12,10,2,73
953,55,10,3,102
987,57,10,0,1
272,31,10,2,60
908,80,10,1,40
326,17,10,2,73
984,58,10,3,100
954,54,10,1,30
817,27,10,0,6
464,22,10,1,43
409,46,10,0,0
993,57,10,1,42
524,24,10,2,83
701,63,10,3,102
518,44,10,1,41
409,46,10,0,1
817,39,10,0,27
486,49,10,1,57
397,21,10,0,1
917,46,10,0,21
501,11,10,2,76
974,80,10,1,39
765,35,10,0,3
984,36,10,3,108
842,24,10,3,108
446,36,10,2,71
550,19,10,0,6
466,30,10,0,1
515,72,10,1,47
558,57,10,1,45
363,24,10,2,74
1013,72,10,3,95
473,35,10,2,84
1150,29,10,1,34
323,38,10,2,75
679,36,10,0,23
382,44,10,2,83
873,44,10,0,16
461,70,10,1,45
436,64,10,0,13
696,24,10,0,6
1000,42,10,0,22
422,12,10,2,72
521,82,10,1,57
517,37,10,1,39
423,17,10,2,68
630,63,10,1,57
486,29,10,1,57
539,30,10,2,80
995,49,10,3,112
867,30,10,1,46
697,18,10,0,6
1181,61,10,1,34
812,21,10,1,34
425,58,10,0,24
786,36,10,0,21
725,48,10,0,3
566,34,10,0,11
404,13,10,2,64
625,68,10,0,13
980,65,10,3,95
1017,61,10,1,42
942,46,10,3,101
507,40,10,3,102
836,36,10,1,57
786,58,10,3,101
488,12,10,2,76
818,60,10,0,3
512,20,10,2,81
1149,74,10,3,96
889,48,10,1,42
537,50,10,3,90
982,51,10,1,39
484,40,10,0,13
928,21,10,3,102
562,42,10,1,42
355,27,10,2,83
1187,44,10,3,108
633,51,10,0,3
1013,23,10,1,34
464,29,10,0,3
466,29,10,2,83
527,29,10,0,22
794,19,10,0,10
579,29,10,2,83
387,29,10,0,1
669,52,10,0,1
402,15,10,2,68
459,55,10,3,99
443,64,10,0,24
1078,65,10,3,100
595,63,10,0,13
411,23,10,2,84
477,20,10,2,68
591,29,10,2,67
649,51,10,0,19
577,28,10,1,39
1168,82,10,1,58
574,85,10,3,112
969,33,10,1,37
517,77,10,1,41
1167,40,10,1,34
471,19,10,0,6
523,68,10,1,54
1089,60,10,1,58
816,68,10,3,100
378,21,10,0,10
863,51,10,3,108
691,45,10,0,27
815,54,10,1,42
346,20,10,2,78
454,48,10,0,13
609,75,10,3,117
983,66,10,3,95
763,39,10,0,23
707,20,10,1,30
732,47,10,1,50
836,19,10,1,34
404,45,10,2,69
722,22,10,0,8
724,75,10,3,99
553,31,10,2,80
596,40,10,1,40
377,11,10,2,72
805,72,10,1,57
558,64,10,1,45
591,52,10,1,57
733,48,10,3,99
826,41,10,0,21
591,48,10,1,42
462,36,10,1,41
1180,79,10,1,58
779,16,10,0,6
431,61,10,0,13
871,51,10,3,101
1000,44,10,0,22
412,23,10,0,10
822,58,10,0,3
863,37,10,0,22
546,29,10,3,93
386,31,10,2,84
457,46,10,2,84
404,38,10,0,23
1167,82,10,3,101
1007,43,10,3,113
743,29,10,3,108
1188,43,10,3,108
597,30,10,2,67
923,77,10,1,42
529,72,10,3,112
804,42,10,3,112
906,55,10,0,1
954,57,10,0,1
856,31,10,0,8
743,96,10,3,117
308,28,10,2,69
645,25,10,3,99
512,74,10,0,24
507,33,10,0,1
228,13,10,2,81
463,26,10,0,21
742,29,10,0,10
1153,27,10,1,30
652,49,10,1,42
821,78,10,1,39
811,51,10,0,3
1102,35,10,3,102
343,10,10,2,68
1117,75,10,1,58
554,26,10,2,62
600,77,10,1,54
583,20,10,0,6
824,71,10,3,112
827,21,10,1,30
1024,39,10,1,39
911,38,10,1,37
332,45,10,2,60
949,61,10,0,3
352,42,10,2,75
719,41,10,0,23
628,30,10,0,10
413,30,10,0,23
438,41,10,2,71
294,14,10,2,72
847,30,10,0,8
415,20,10,2,62
281,24,10,2,69
543,13,10,2,76
269,24,10,2,84
255,28,10,2,84
755,50,10,3,97
633,46,10,1,42
557,16,10,2,68
455,19,10,1,30
378,41,10,2,60
840,50,10,1,42
850,40,10,3,101
499,35,10,2,83
934,50,10,0,23
855,31,10,1,46
532,63,10,0,11
575,87,10,3,112
419,26,10,2,74
936,42,10,1,39
1121,43,10,3,108
736,47,10,0,3
1032,73,10,3,101
926,58,10,1,42
444,64,10,0,13
284,34,10,2,75
288,29,10,2,84
591,22,10,2,73
466,18,10,2,62
231,34,10,2,75
874,68,10,0,13
1111,64,10,1,58
910,64,10,1,42
1124,65,10,1,58
879,27,10,0,6
432,17,10,2,72
228,31,10,2,75
840,80,10,1,39
683,73,10,3,110
1188,67,10,1,58
815,48,10,3,112
336,40,10,2,75
841,71,10,3,100
823,71,10,1,57
674,34,10,3,94
1145,60,10,3,101
468,92,10,1,57
663,60,10,3,90
633,26,10,3,102
946,56,10,0,23
1054,26,10,3,94
619,53,10,3,97
381,22,10,2,67
776,50,10,1,58
476,18,10,2,72
455,81,10,1,54
428,39,10,2,70
486,24,10,2,62
1163,57,10,3,91
523,35,10,0,3
495,12,10,2,76
647,39,10,3,102
894,49,10,0,23
492,25,10,3,95
529,62,10,1,45
944,75,10,0,13
346,17,10,2,70
595,14,10,2,76
530,76,10,0,13
1133,67,10,3,100
620,78,10,0,19
881,56,10,1,39
746,38,10,0,23
992,48,10,3,101
675,73,10,1,43
816,41,10,1,43
873,36,10,3,112
556,29,10,2,80
1025,67,10,1,39
996,61,10,0,3
346,21,10,2,83
734,32,10,0,4
697,22,10,0,6
997,42,10,3,108
1192,21,10,3,102
569,25,10,2,67
714,45,10,3,108
406,17,10,2,62
777,31,10,0,23
893,26,10,0,8
666,17,10,1,34
465,14,10,2,76
731,52,10,3,101
651,24,10,3,108
814,83,10,1,57
999,73,10,0,1
447,40,10,2,69
722,21,10,1,30
479,37,10,2,84
871,40,10,1,39
397,11,10,2,76
758,55,10,0,3
770,47,10,0,3
326,22,10,2,74
593,29,10,0,12
393,43,10,0,1
660,52,10,3,118
460,36,10,2,65
1169,23,10,1,34
362,36,10,2,69
798,37,10,0,21
507,41,10,2,83
599,24,10,2,73
379,19,10,2,83
1133,35,10,1,58
924,74,10,1,37
859,30,10,1,46
592,50,10,0,13
627,36,10,0,23
244,18,10,2,80
433,58,10,0,19
437,36,10,0,3
737,41,10,1,58
369,21,10,2,70
724,46,10,0,20
812,55,10,0,19
861,34,10,0,22
381,10,10,2,78
972,82,10,1,39
362,18,10,2,83
516,55,10,0,13
726,76,10,0,4
844,50,10,1,42
299,35,10,2,69
621,60,10,3,112
243,28,10,2,75
707,31,10,3,108
817,96,10,3,112
509,50,10,0,19
1064,54,10,1,42
297,23,10,2,71
356,27,10,2,83
997,53,10,1,42
688,24,10,0,6
390,22,10,2,80
682,48,10,3,112
1099,80,10,1,58
519,33,10,2,71
718,20,10,0,6
557,40,10,2,88
509,22,10,2,68
1143,61,10,3,108
546,48,10,0,1
1190,71,10,1,58
874,28,10,0,6
915,97,10,1,53
391,46,10,0,18
809,21,10,1,30
579,55,10,3,110
381,16,10,2,72
1006,30,10,3,102
802,36,10,0,22
342,18,10,2,81
560,12,10,2,76
854,61,10,3,101
1114,25,10,1,34
651,21,10,0,6
546,16,10,2,70
706,51,10,3,101
998,50,10,1,43
1178,56,10,3,113
540,83,10,1,41
892,40,10,3,108
734,55,10,1,42
807,57,10,0,3
695,52,10,0,1
658,18,10,0,6
1099,55,10,3,112
1089,92,10,1,39
504,11,10,2,76
476,10,10,2,76
387,61,10,0,24
699,25,10,1,57
1000,22,10,3,102
905,57,10,3,95
226,17,10,2,83
581,30,10,2,78
378,32,10,2,84
457,26,10,2,80
646,28,10,3,108
817,26,10,0,6
739,38,10,0,1
327,18,10,2,83
879,19,10,0,8
272,27,10,2,83
609,66,10,1,54
472,47,10,1,30
531,15,10,2,83
740,38,10,1,58
708,66,10,0,3
399,48,10,2,75
705,60,10,3,100
570,27,10,3,108
537,92,10,1,41
787,47,10,0,3
773,39,10,0,1
504,27,10,1,43
1100,42,10,1,39
532,80,10,3,112
598,60,10,3,112
765,71,10,3,112
234,35,10,2,75
954,19,10,0,8
659,35,10,3,112
703,26,10,1,39
837,44,10,3,112
888,61,10,0,23
1025,37,10,3,108
494,13,10,2,76
760,82,10,0,23
970,72,10,1,59
858,69,10,0,3
1040,62,10,1,58
588,19,10,0,6
974,32,10,0,23
251,15,10,2,81
673,37,10,1,42
464,75,10,1,57
1088,23,10,1,34
1023,81,10,1,58
687,58,10,3,117
1069,70,10,3,95
452,33,10,1,42
259,33,10,2,79
252,8,10,2,64
593,22,10,2,71
662,59,10,3,112
984,37,10,1,46
252,31,10,2,79
292,47,10,2,75
569,29,10,2,67
651,32,10,3,102
1125,64,10,1,58
1031,85,10,1,57
525,24,10,2,83
550,11,10,2,76
717,31,10,3,108
566,72,10,3,99
405,26,10,2,71
839,24,10,0,6
283,49,10,2,75
1134,48,10,1,57
616,63,10,0,3
801,75,10,3,112
1159,86,10,3,118
912,31,10,3,108
690,29,10,0,22
410,30,10,2,71
968,25,10,0,8
825,94,10,1,41
528,17,10,2,83
814,64,10,0,1
981,50,10,3,112
1084,72,10,1,42
923,79,10,3,112
864,89,10,3,111
962,42,10,3,113
355,34,10,2,69
240,34,10,2,75
532,64,10,1,54
494,71,10,0,24
588,67,10,3,102
568,35,10,2,80
552,41,10,3,95
495,45,10,2,69
839,23,10,1,30
1031,44,10,3,116
851,45,10,0,2
576,73,10,1,32
1177,78,10,3,96
404,47,10,0,13
599,63,10,3,112
628,54,10,0,13
920,29,10,1,37
1071,52,10,3,101
1192,45,10,1,39
580,59,10,3,95
1073,45,10,1,46
591,26,10,2,68
542,10,10,2,76
700,50,10,1,42
597,30,10,1,39
642,31,10,1,42
873,69,10,1,42
941,30,10,0,8
1032,56,10,1,42
807,23,10,1,30
883,29,10,3,108
697,65,10,1,57
335,15,10,2,61
940,50,10,0,23
775,73,10,0,19
594,70,10,3,112
674,32,10,3,99
576,31,10,0,10
385,17,10,2,72
879,18,10,3,102
518,48,10,1,30
718,38,10,0,23
809,32,10,1,39
1173,37,10,3,94
934,25,10,0,10
770,54,10,1,42
552,70,10,3,100
1172,47,10,3,108
510,35,10,2,70
324,40,10,2,75
502,43,10,2,69
468,11,10,2,76
722,40,10,0,23
1047,68,10,3,95
676,20,10,0,8
563,19,10,2,70
444,66,10,0,24
836,16,10,0,6
582,32,10,0,16
495,21,10,2,62
888,75,10,0,13
412,44,10,2,69
588,73,10,3,97
988,55,10,0,23
1156,69,10,3,100
460,13,10,2,72
604,33,10,3,108
1005,58,10,3,112
476,65,10,1,32
666,79,10,3,117
696,59,10,1,43
808,20,10,0,8
713,33,10,0,23
697,21,10,3,108
679,29,10,1,57
654,48,10,3,100
477,36,10,2,67
340,22,10,2,74
822,51,10,0,3
389,18,10,0,10
1136,65,10,1,58
753,98,10,1,51
522,27,10,2,80
811,34,10,0,22
502,39,10,2,84
666,46,10,3,95
301,24,10,2,71
681,66,10,1,57
462,49,10,3,112
657,37,10,0,23
1032,41,10,1,39
226,29,10,2,75
310,32,10,2,84
810,47,10,1,30
293,42,10,2,75
238,11,10,2,81
984,76,10,1,42
486,18,10,2,68
991,34,10,0,23
588,61,10,1,57
1021,52,10,3,112
935,64,10,1,46
498,52,10,3,107
582,19,10,2,71
560,54,10,1,42
1181,86,10,3,118
1098,56,10,3,101
487,18,10,2,68
373,31,10,2,84
800,36,10,3,101
643,69,10,3,112
537,20,10,0,28
432,55,10,0,27
925,55,10,0,23
582,17,10,2,72
968,28,10,1,37
600,76,10,1,57
488,24,10,2,80
806,59,10,0,27
890,42,10,1,42
1027,69,10,3,95
745,64,10,0,13
358,30,10,2,84
880,37,10,0,22
654,47,10,3,95
650,30,10,1,39
667,50,10,0,3
744,37,10,0,1
1012,46,10,1,50
1189,90,10,1,39
368,26,10,2,67
982,26,10,1,37
878,69,10,3,113
743,51,10,1,42
1187,67,10,1,37
848,23,10,0,10
1027,19,10,1,34
1054,93,10,3,112
735,55,10,0,3
729,81,10,3,107
992,46,10,0,22
1083,23,10,3,102
558,50,10,1,54
943,50,10,1,39
594,23,10,2,73
606,65,10,1,54
621,68,10,3,112
533,65,10,0,19
472,22,10,2,73
753,30,10,0,23
401,38,10,2,71
894,23,10,1,58
731,56,10,1,53
1016,42,10,1,57
900,75,10,1,42
766,78,10,1,39
671,51,10,0,1
615,59,10,3,112
401,36,10,2,71
621,69,10,1,54
678,78,10,1,57
1155,51,10,3,118
422,35,10,2,67
687,37,10,0,23
480,26,10,3,99
262,25,10,2,69
574,31,10,2,80
701,59,10,0,3
1104,43,10,1,39
649,18,10,0,6
1096,56,10,3,108
1005,91,10,3,112
418,29,10,2,71
723,25,10,0,6
1140,26,10,1,34
839,27,10,1,37
409,21,10,2,80
238,25,10,2,65
774,58,10,0,0
595,40,10,1,42
1041,69,10,1,42
1051,53,10,3,112
370,35,10,2,84
468,22,10,0,25
933,48,10,0,16
972,58,10,1,42
846,90,10,3,112
965,44,10,0,22
722,66,10,0,3
561,17,10,2,70
378,29,10,2,84
762,26,10,0,6
994,89,10,1,43
545,22,10,2,73
531,18,10,0,6
1187,28,10,1,34
752,80,10,3,112
503,74,10,1,35
498,88,10,3,112
355,30,10,2,84
888,52,10,0,23
459,25,10,2,80
594,32,10,2,80
1107,27,10,3,94
1056,28,10,1,58
298,38,10,2,75
422,23,10,2,81
972,46,10,1,42
293,14,10,2,72
1103,35,10,3,102
1125,60,10,1,42
631,36,10,0,1
340,25,10,2,83
225,17,10,2,67
1152,59,10,1,34
590,80,10,3,117
443,73,10,0,24
464,54,10,3,111
983,43,10,1,57
508,21,10,1,30
598,27,10,3,91
349,16,10,2,62
558,22,10,2,73
581,64,10,1,54
377,35,10,0,23
280,12,10,2,70
627,59,10,3,112
1038,41,10,1,39
965,43,10,1,39
808,20,10,0,10
388,37,10,2,71
274,28,10,2,84
841,74,10,1,57
966,59,10,0,3
771,38,10,0,5
489,31,10,1,32
584,21,10,0,26
638,19,10,3,108
992,64,10,0,13
546,48,10,3,99
702,79,10,3,107
1065,49,10,1,58
459,64,10,1,54
594,32,10,2,80
579,19,10,1,43
1166,17,10,1,34
600,80,10,1,41
1022,61,10,1,43
369,17,10,2,61
464,16,10,2,67
896,60,10,0,13
442,56,10,0,13
274,44,10,2,75
489,56,10,0,3
615,25,10,0,16
720,96,10,3,117
511,68,10,3,107
512,36,10,3,108
423,27,10,2,71
561,60,10,1,54
777,40,10,0,23
756,33,10,1,57
849,54,10,3,108
574,49,10,3,93
242,32,10,2,75
385,18,10,0,4
795,26,10,1,43
955,34,10,0,26
503,46,10,0,23
645,42,10,1,42
567,14,10,2,81
774,89,10,3,112
564,13,10,2,76
497,23,10,2,68
309,11,10,2,68
416,57,10,0,19
1089,40,10,1,39
363,40,10,2,65
504,34,10,3,112
249,32,10,2,75
1182,71,10,3,100
1049,26,10,3,102
885,15,10,0,6
480,60,10,0,19
494,23,10,2,68
862,65,10,3,105
1020,28,10,1,30
279,32,10,2,84
817,31,10,3,108
729,28,10,3,108
928,48,10,3,112
753,60,10,0,13
931,65,10,0,27
823,28,10,0,10
887,62,10,3,95
484,26,10,2,80
554,38,10,2,88
592,17,10,2,70
601,28,10,3,112
661,26,10,0,22
531,53,10,0,19
301,38,10,2,75
841,64,10,0,1
557,18,10,2,72
1087,66,10,3,100
480,17,10,0,6
1034,67,10,3,108
877,96,10,1,31
451,44,10,3,112
1107,24,10,1,34
497,32,10,1,30
699,88,10,1,39
544,30,10,3,108
943,31,10,3,108
1125,53,10,1,42
982,56,10,1,37
427,49,10,0,11
762,39,10,1,57
639,47,10,0,20
726,36,10,0,4
501,31,10,1,50
903,41,10,3,118
753,25,10,1,43
542,15,10,2,72
363,27,10,2,84
399,37,10,2,83
896,35,10,1,39
654,51,10,1,42
859,22,10,3,94
226,15,10,2,83
930,34,10,0,22
530,47,10,1,54
623,71,10,0,13
477,67,10,3,92
977,40,10,0,22
573,47,10,1,39
856,36,10,0,10
888,92,10,3,111
447,52,10,0,11
980,30,10,3,102
666,21,10,0,6
530,58,10,0,13
894,24,10,1,30
333,41,10,2,75
352,20,10,2,83
923,55,10,3,100
339,35,10,2,69
968,53,10,0,4
472,32,10,2,70
482,93,10,3,112
882,50,10,1,42
546,35,10,1,42
683,18,10,0,6
815,76,10,3,112
819,21,10,0,10
552,12,10,2,76
467,13,10,2,76
458,34,10,2,65
634,52,10,3,106
405,30,10,0,1
1045,40,10,1,39
750,38,10,0,23
549,51,10,0,19
388,35,10,2,71
550,17,10,2,72
277,49,10,2,75
496,88,10,3,112
1122,89,10,3,118
717,22,10,3,112
1066,23,10,1,34
723,57,10,3,93
890,46,10,0,23
870,25,10,0,8
640,30,10,0,16
1008,40,10,1,39
256,46,10,2,75
960,47,10,0,5
258,20,10,2,71
696,74,10,0,13
592,25,10,1,43
903,21,10,0,8
729,30,10,3,102
916,32,10,1,37
572,53,10,1,43
476,29,10,0,21
848,30,10,1,46
505,47,10,2,71
519,20,10,2,72
904,58,10,0,3
1158,32,10,1,34
282,32,10,2,79
303,26,10,2,84
1022,46,10,1,58
1044,72,10,3,95
274,23,10,2,85
1091,94,10,3,112
757,43,10,0,23
935,30,10,3,108
993,53,10,3,112
510,39,10,1,39
1149,64,10,3,108
428,21,10,2,61
468,38,10,0,3
703,39,10,0,23
491,63,10,0,19
452,49,10,1,42
929,22,10,1,30
771,66,10,3,112
387,38,10,2,71
721,67,10,1,42
514,21,10,2,62
402,42,10,2,69
1133,78,10,3,102
788,45,10,3,102
467,51,10,0,13
998,44,10,1,42
319,11,10,2,64
677,48,10,1,42
370,12,10,2,68
450,28,10,2,74
1192,91,10,3,118
590,51,10,1,56
587,49,10,3,118
312,46,10,2,75
1038,41,10,3,113
1185,44,10,1,39
406,25,10,2,81
590,79,10,1,41
904,70,10,3,113
555,37,10,1,43
1044,22,10,1,34
375,34,10,0,13
383,30,10,2,84
1145,65,10,1,30
543,14,10,2,76
536,60,10,0,19
709,23,10,3,108
727,74,10,0,3
523,14,10,2,78
309,22,10,2,83
469,68,10,3,118
679,55,10,1,42
394,45,10,0,13
493,43,10,3,97
852,55,10,1,42
454,29,10,3,112
460,41,10,1,41
1062,89,10,1,57
326,35,10,2,60
490,61,10,3,97
494,35,10,3,100
514,64,10,3,97
506,94,10,1,41
993,89,10,1,43
854,32,10,1,39
1127,25,10,3,102
518,70,10,3,92
378,25,10,2,71
818,98,10,3,117
556,12,10,2,76
419,23,10,0,19
558,33,10,3,108
1112,73,10,3,95
288,42,10,2,75
514,23,10,2,67
266,33,10,2,69
1074,41,10,3,108
229,15,10,2,83
1110,66,10,3,100
1085,20,10,3,102
781,88,10,1,47
915,53,10,1,42
629,41,10,0,3
557,42,10,1,39
799,68,10,3,100
553,16,10,2,72
517,90,10,3,112
409,33,10,2,84
958,62,10,1,42
741,57,10,0,21
1068,35,10,3,108
652,65,10,3,112
271,31,10,2,69
1144,44,10,1,39
349,38,10,2,60
1124,26,10,1,30
541,40,10,1,39
926,21,10,0,8
312,12,10,2,72
675,71,10,3,102
947,94,10,1,32
420,73,10,0,24
545,63,10,0,13
691,19,10,1,30
1145,70,10,3,100
720,31,10,3,108
642,21,10,1,46
746,45,10,1,58
563,70,10,1,54
771,67,10,3,100
480,71,10,3,97
242,23,10,2,84
804,55,10,3,95
718,28,10,0,10
774,80,10,1,45
768,29,10,0,8
778,43,10,3,113
471,44,10,2,71
377,37,10,0,23
668,62,10,3,112
536,29,10,2,80
508,19,10,0,28
872,57,10,0,1
645,32,10,3,97
923,40,10,1,57
939,55,10,0,1
1122,75,10,1,58
953,24,10,3,94
587,22,10,2,73
660,67,10,3,95
790,30,10,1,46
516,27,10,2,80
650,83,10,0,3
719,23,10,1,39
599,36,10,2,74
735,66,10,0,3
680,24,10,0,6
235,11,10,2,62
632,29,10,3,101
853,53,10,3,116
424,19,10,0,4
776,72,10,0,3
416,30,10,2,71
598,69,10,1,45
275,42,10,2,75
532,39,10,2,89
776,32,10,3,113
858,57,10,3,112
319,40,10,2,75
543,56,10,3,102
898,46,10,1,57
976,85,10,1,57
491,17,10,2,67
556,31,10,0,23
769,23,10,0,6
852,37,10,0,21
591,25,10,0,10
948,42,10,1,58
411,12,10,2,76
261,48,10,2,75
284,12,10,2,70
871,32,10,3,108
639,30,10,0,5
491,50,10,0,14
1092,33,10,1,58
873,37,10,3,112
1114,41,10,1,39
676,50,10,3,118
495,29,10,3,108
860,21,10,0,6
978,82,10,1,39
872,22,10,3,102
530,33,10,3,105
447,46,10,0,0
481,26,10,2,80
599,20,10,2,70
572,41,10,1,42
1059,76,10,3,118
899,56,10,0,23
824,30,10,1,46
665,49,10,0,3
804,77,10,3,112
517,66,10,3,92
545,25,10,3,100
369,25,10,2,67
555,26,10,2,62
657,70,10,1,30
1108,40,10,3,108
275,34,10,2,79
412,35,10,2,69
980,34,10,0,26
1156,38,10,3,100
596,41,10,0,20
824,49,10,0,1
1047,58,10,1,58
895,55,10,0,3
945,41,10,3,113
819,66,10,1,42
500,46,10,1,32
941,30,10,0,8
1116,76,10,3,95
838,36,10,3,112
581,12,10,2,76
582,18,10,2,76
945,75,10,0,1
1047,71,10,3,95
326,39,10,2,75
339,31,10,2,71
359,30,10,2,69
601,38,10,3,117
964,64,10,0,1
1013,28,10,1,30
469,50,10,0,13
389,33,10,2,84
484,22,10,2,68
400,31,10,2,84
869,80,10,3,112
274,35,10,2,75
641,32,10,0,5
946,57,10,3,100
592,52,10,1,39
433,30,10,2,71
576,43,10,1,42
283,41,10,2,75
708,56,10,0,13
1157,84,10,1,59
449,26,10,0,21
249,31,10,2,79
872,67,10,0,1
657,19,10,0,6
451,38,10,3,97
601,44,10,3,101
528,41,10,1,39
904,60,10,0,1
883,47,10,1,39
443,40,10,2,69
675,44,10,0,2
949,54,10,0,1
944,51,10,3,112
878,31,10,0,26
815,33,10,3,96
661,38,10,3,112
469,16,10,2,72
364,42,10,2,69
547,31,10,2,80
791,25,10,1,46
587,35,10,2,80
460,23,10,1,35
450,38,10,0,3
579,21,10,2,73
575,21,10,0,10
930,81,10,3,112
857,24,10,0,6
718,22,10,0,6
539,39,10,2,88
283,33,10,2,79
1164,38,10,1,58
1124,23,10,1,34
354,24,10,2,84
415,32,10,2,84
327,19,10,2,83
703,50,10,0,3
1104,59,10,3,114
1015,24,10,1,30
492,69,10,0,19
540,34,10,0,1
775,61,10,3,113
497,26,10,2,80
1068,72,10,1,58
869,51,10,0,1
706,19,10,3,94
853,64,10,3,101
509,57,10,1,57
590,58,10,3,112
503,49,10,2,71
724,27,10,0,10
295,23,10,2,82
718,88,10,3,117
579,13,10,2,76
1023,33,10,3,108
893,65,10,1,42
610,63,10,0,13
612,79,10,0,13
717,21,10,1,30
936,20,10,0,8
399,22,10,2,80
669,28,10,0,10
1089,65,10,3,100
627,28,10,3,112
525,46,10,1,35
549,37,10,1,42
1158,53,10,1,50
411,36,10,2,82
518,33,10,1,39
442,30,10,2,71
576,47,10,3,118
573,30,10,3,105
833,37,10,1,37
574,47,10,0,13
379,36,10,0,23
714,27,10,3,91
575,33,10,0,20
951,26,10,3,102
837,93,10,1,47
789,52,10,3,97
737,18,10,0,10
909,55,10,3,108
476,68,10,3,102
571,52,10,0,13
1071,82,10,3,102
965,85,10,3,112
922,22,10,0,8
948,60,10,1,39
516,19,10,2,64
821,36,10,0,21
527,49,10,0,23
461,38,10,2,65
793,37,10,1,41
481,38,10,0,21
714,47,10,0,3
240,29,10,2,79
395,43,10,0,13
714,58,10,3,112
961,71,10,3,118
477,49,10,1,45
567,44,10,0,1
624,51,10,3,113
584,26,10,0,16
880,66,10,3,118
874,54,10,0,3
664,57,10,0,14
476,68,10,1,35
619,73,10,1,52
831,63,10,1,42
989,30,10,0,8
645,17,10,0,8
496,14,10,0,6
546,39,10,0,2
980,64,10,0,1
523,32,10,0,23
875,32,10,0,26
533,23,10,2,62
647,59,10,0,13
981,60,10,1,43
1030,55,10,1,37
1131,58,10,3,101
868,57,10,0,1
578,54,10,0,14
531,62,10,3,107
452,26,10,1,30
413,26,10,2,62
689,16,10,0,8
868,56,10,1,42
1015,49,10,3,112
345,18,10,2,73
564,95,10,1,41
1023,99,10,3,100
431,29,10,0,3
545,42,10,3,99
944,40,10,1,57
530,66,10,0,1
526,52,10,1,45
451,41,10,3,97
791,44,10,1,30
387,37,10,2,71
886,32,10,0,26
333,23,10,2,63
980,54,10,0,23
1050,44,10,1,46
593,16,10,2,72
526,20,10,1,30
560,76,10,3,117
1002,68,10,1,42
435,29,10,2,71
752,72,10,1,30
325,41,10,2,75
477,44,10,0,13
767,47,10,1,58
428,32,10,0,3
669,25,10,0,6
803,38,10,1,44
861,49,10,3,112
792,65,10,1,42
454,30,10,1,41
457,20,10,2,62
764,66,10,0,3
1079,52,10,1,37
401,39,10,0,23
394,35,10,2,85
489,59,10,0,19
431,12,10,2,62
1065,57,10,3,91
496,27,10,0,23
966,81,10,3,112
551,44,10,1,53
646,23,10,0,10
261,29,10,2,79
492,70,10,0,24
410,21,10,0,21
472,52,10,1,54
341,12,10,2,83
595,45,10,2,69
936,57,10,1,42
677,29,10,3,108
943,52,10,0,1
575,67,10,0,1
994,62,10,1,42
868,23,10,0,8
295,40,10,2,75
534,35,10,2,88
484,59,10,0,11
464,22,10,1,43
327,18,10,2,81
804,71,10,1,57
765,57,10,3,101
807,27,10,0,6
1123,31,10,3,94
1172,36,10,3,102
586,50,10,0,13
650,36,10,1,42
494,22,10,1,39
343,17,10,2,73
829,19,10,0,6
547,61,10,0,13
1110,57,10,1,58
762,48,10,0,3
893,60,10,3,95
578,19,10,2,68
1163,68,10,3,100
515,25,10,0,16
605,66,10,1,54
1088,94,10,3,112
474,30,10,2,71
237,26,10,2,65
404,35,10,2,84
318,16,10,2,83
546,34,10,0,23
316,12,10,2,72
662,44,10,0,10
1051,46,10,1,39
862,53,10,1,42
907,38,10,3,112
511,66,10,0,19
527,25,10,2,71
962,25,10,1,58
954,31,10,1,43
684,31,10,0,4
606,35,10,0,10
674,88,10,1,41
1007,70,10,3,95
528,35,10,1,35
277,42,10,2,75
232,38,10,2,75
976,62,10,3,108
494,26,10,1,43
693,62,10,1,42
635,33,10,3,108
595,15,10,2,76
800,17,10,1,34
329,21,10,2,74
760,55,10,1,42
400,12,10,2,72
703,88,10,1,39
923,75,10,0,3
538,41,10,3,118
715,40,10,3,108
489,20,10,2,68
754,59,10,3,113
1082,37,10,3,108
498,12,10,2,76
890,53,10,1,42
735,86,10,1,41
744,36,10,3,101
492,46,10,2,71
551,13,10,2,62
494,32,10,0,23
537,17,10,0,6
665,33,10,1,39
1133,44,10,3,108
576,18,10,2,72
1103,33,10,1,58
453,30,10,0,3
252,32,10,2,75
458,40,10,2,69
1109,39,10,1,58
572,40,10,3,95
698,63,10,0,13
317,25,10,2,84
472,16,10,2,86
235,13,10,2,72
599,78,10,1,57
750,22,10,1,43
572,42,10,0,19
904,60,10,3,95
961,49,10,1,46
897,83,10,1,39
1030,43,10,1,46
650,51,10,1,35
1170,53,10,3,113
1117,41,10,1,34
529,17,10,2,76
499,48,10,0,19
1052,60,10,1,58
912,60,10,0,13
575,80,10,1,41
513,18,10,3,103
610,45,10,3,101
610,97,10,3,112
710,41,10,0,23
260,22,10,2,85
481,36,10,2,84
744,46,10,1,43
720,59,10,0,19
981,62,10,1,39
647,75,10,3,112
951,62,10,0,13
431,16,10,2,81
669,59,10,0,13
711,47,10,0,1
623,86,10,3,107
556,29,10,2,80
579,34,10,0,3
1065,71,10,1,42
979,51,10,0,23
938,47,10,3,112
575,44,10,0,1
930,45,10,1,37
471,25,10,2,73
592,24,10,0,10
389,36,10,0,23
544,34,10,2,80
1014,22,10,1,34
871,23,10,3,94
248,37,10,2,75
913,34,10,0,22
952,31,10,0,23
570,28,10,2,68
823,60,10,1,42
457,13,10,2,81
608,54,10,0,13
885,76,10,3,112
265,30,10,2,65
677,52,10,0,25
751,36,10,1,34
579,42,10,2,68
409,29,10,0,3
865,48,10,1,30
947,45,10,3,101
738,36,10,0,1
449,79,10,0,24
534,23,10,2,67
533,86,10,3,112
936,49,10,3,112
891,41,10,3,101
815,99,10,3,117
918,25,10,3,102
652,48,10,1,42
937,72,10,1,58
684,37,10,3,112
838,29,10,0,8
752,21,10,0,6
773,31,10,0,23
692,84,10,3,117
497,18,10,2,64
537,31,10,0,23
504,33,10,2,83
558,82,10,3,117
372,20,10,2,80
793,30,10,1,37
541,72,10,3,97
1094,63,10,1,58
654,40,10,1,42
750,38,10,0,1
676,55,10,0,19
679,66,10,1,57
990,76,10,1,42
957,60,10,0,3
1167,24,10,3,102
536,43,10,0,13
298,21,10,2,71
522,61,10,1,45
451,37,10,2,65
1195,40,10,3,100
332,11,10,2,68
1102,52,10,3,113
289,11,10,2,68
799,49,10,3,100
1055,69,10,1,42
1035,68,10,3,95
